Query,PubChem CID,Molecular Weight,Molecular Formula
CHEMBL100102,44328638,326.4,C18H22N4O2
CHEMBL101311,4475481,448.3,C21H23Cl2N5O2
CHEMBL101683,9797919,337.8,C19H16ClN3O
CHEMBL102301,9890746,467.5,C23H25N5O4S
CHEMBL102346,10907042,485.5,C27H27N5O4
CHEMBL103055,10207821,512.6,C30H32N4O4
CHEMBL104067,11048367,435.5,C24H29N5O3
CHEMBL104466,9796455,303.36,C16H21N3O3
CHEMBL106966,10905857,418.4,C22H22N6O3
CHEMBL1076721,135685787,295.30,C15H13N5O2
CHEMBL1080902,135934877,324.33,C17H16N4O3
CHEMBL1080994,45375865,512.6,C28H28N6O2S
CHEMBL1080995,45375866,526.7,C29H30N6O2S
CHEMBL1081198,11755812,503.5,C26H20F3N7O
CHEMBL1081312,24905142,319.4,C17H17N7
CHEMBL1082152,11560568,409.4,C22H20FN3O4
CHEMBL1082440,9885023,319.4,C16H21N3O2S
CHEMBL1084546,11713159,507.5,C21H20F3N7O3S
CHEMBL1085511,24762205,499.6,C28H33N7O2
CHEMBL1086736,135976660,295.30,C15H13N5O2
CHEMBL1087397,24884503,515.5,C29H24F3N5O
CHEMBL1087421,44138048,340.6,C16H12Cl3NO
CHEMBL1087650,46880136,474.6,C29H26N6O
CHEMBL1088633,44138049,306.2,C16H13Cl2NO
CHEMBL1089082,24822704,459.4,C25H16F3N5O
CHEMBL1090143,46865419,476.5,C25H15F3N4OS
CHEMBL1090356,46886319,587.7,C33H29N7O2S
CHEMBL1090360,46886323,587.7,C33H29N7O2S
CHEMBL1091356,46866604,640.8,C35H44N8O4
CHEMBL1092754,44541014,455.5,C26H21N3O5
CHEMBL1094408,24993189,448.5,C23H28N8O2
CHEMBL1095626,44605035,437.5,C22H27N7O3
CHEMBL1095627,44605037,479.6,C25H33N7O3
CHEMBL111779,44340751,592.6,C29H28N4O10
CHEMBL111889,44340971,592.6,C29H28N4O10
CHEMBL112235,22671105,608.6,C29H28N4O11
CHEMBL112239,44340974,624.6,C29H28N4O12
CHEMBL112263,9927800,338.4,C18H18N4O3
CHEMBL112346,20579089,450.5,C24H30N6O3
CHEMBL112602,44340902,608.6,C29H28N4O11
CHEMBL113,2519,194.19,C8H10N4O2
CHEMBL113185,15550318,396.4,C20H24N6O3
CHEMBL115220,449087,291.3,C18H17N3O
CHEMBL115531,10369873,534.7,C33H38N6O
CHEMBL115769,9819053,334.3,C19H15FN4O
CHEMBL1159459,46905117,956.7,C41H32O27
CHEMBL1159460,46905118,954.7,C41H30O27
CHEMBL1159461,46905119,650.5,C27H22O19
CHEMBL1159462,10349127,636.5,C27H24O18
CHEMBL1159463,11968981,788.6,C34H28O22
CHEMBL1159466,46905122,952.6,C41H28O27
CHEMBL1159467,46905123,1120.7,C48H32O32
CHEMBL1159468,46905124,802.6,C34H26O23
CHEMBL116070,9906347,349.20,C14H9BrN2O2S
CHEMBL1163016,46179972,499.6,C28H31N6O3
CHEMBL1164180,46871637,503.0,C25H26ClF3N6
CHEMBL1164265,46906669,470.9,C24H25ClF2N6
CHEMBL116963,24955953,508.7,C31H36N6O
CHEMBL1172957,46898022,375.4,C15H17N7O3S
CHEMBL1173055,9931954,323.4,C19H18FN3O
CHEMBL117443,44343747,446.6,C26H34N6O
CHEMBL117697,712193,251.28,C15H13N3O
CHEMBL1178727,13187667,188.25,C10H8N2S
CHEMBL118258,10005638,486.5,C25H29F3N6O
CHEMBL1190711,10200390,390.4,C20H18N6O3
CHEMBL120077,9797370,325.3,C18H16FN3O2
CHEMBL120185,9826083,472.6,C26H29FN8
CHEMBL1202927,11605551,489.0,C28H29ClN4O2
CHEMBL121405,44346053,436.5,C25H29FN4O2
CHEMBL1222044,9548013,339.3,C9H4F3N3O4S2
CHEMBL1230122,11406590,388.4,C19H18F2N4O3
CHEMBL1230607,46191454,361.5,C19H31N5O2
CHEMBL1230790,24905143,269.30,C14H15N5O
CHEMBL1233654,449240,291.37,C14H17N3O2S
CHEMBL1233881,24905153,325.4,C17H19N5O2
CHEMBL1233882,24905152,304.3,C17H16N6
CHEMBL1233887,9860448,278.31,C16H14N4O
CHEMBL1234815,24905144,275.31,C16H13N5
CHEMBL1234833,25125014,385.5,C20H27N5O3
CHEMBL1236126,11987888,440.4,C22H24N4O6
CHEMBL1240544,24905324,318.76,C14H15ClN6O
CHEMBL1240545,24905166,292.34,C16H16N6
CHEMBL1240553,24905189,339.4,C18H21N5O2
CHEMBL1240554,24905296,353.4,C19H23N5O2
CHEMBL1240565,24905210,265.27,C13H11N7
CHEMBL1240566,24905209,264.29,C14H12N6
CHEMBL1241241,135750268,269.30,C14H15N5O
CHEMBL1241270,24905285,241.25,C12H11N5O
CHEMBL1241271,24905290,255.28,C13H13N5O
CHEMBL1241299,24905331,320.14,C12H10BrN5O
CHEMBL1241300,24905286,257.25,C12H11N5O2
CHEMBL1241301,24905291,271.27,C13H13N5O2
CHEMBL1241390,24905170,254.29,C13H14N6
CHEMBL1241391,24905171,255.28,C12H13N7
CHEMBL1241439,24905158,271.27,C13H13N5O2
CHEMBL1241473,9891182,440.4,C20H20N6O6
CHEMBL1241481,24905150,398.5,C20H26N6O3
CHEMBL1241482,24905308,402.4,C21H15FN6O2
CHEMBL1241483,24905175,301.32,C15H16FN5O
CHEMBL1241484,24905295,303.75,C14H14ClN5O
CHEMBL1241485,24905251,298.34,C15H18N6O
CHEMBL1241486,24905198,356.4,C18H24N6O2
CHEMBL1241487,24905281,310.35,C16H18N6O
CHEMBL1241490,24905195,293.32,C16H15N5O
CHEMBL1241491,24905196,319.4,C18H17N5O
CHEMBL1241492,24905165,295.30,C14H13N7O
CHEMBL1241578,24905145,348.20,C14H14BrN5O
CHEMBL1241580,24905326,315.76,C15H14ClN5O
CHEMBL1241581,24905183,324.4,C17H20N6O
CHEMBL1241582,24905344,283.33,C15H17N5O
CHEMBL1241583,24905167,292.34,C16H16N6
CHEMBL1241586,24905241,309.33,C15H15N7O
CHEMBL1241587,24905194,295.34,C16H17N5O
CHEMBL1241588,24905172,311.34,C16H17N5O2
CHEMBL1241675,24905148,319.4,C17H17N7
CHEMBL1241676,24905300,329.78,C16H16ClN5O
CHEMBL1241677,24905312,330.77,C15H15ClN6O
CHEMBL1241678,24905317,331.76,C15H14ClN5O2
CHEMBL1241679,24905160,278.31,C15H14N6
CHEMBL1241680,24905236,296.30,C15H13FN6
CHEMBL1241681,24905205,330.4,C19H18N6
CHEMBL1241682,24905208,318.4,C18H18N6
CHEMBL1241683,24905216,338.8,C17H15ClN6
CHEMBL1241684,24905163,337.4,C17H15N5OS
CHEMBL1241767,24905149,489.5,C28H23N7O2
CHEMBL1241769,24905304,344.80,C16H17ClN6O
CHEMBL1241770,24905305,344.80,C16H17ClN6O
CHEMBL1241771,24905237,296.30,C15H13FN6
CHEMBL1241772,24905341,279.30,C14H13N7
CHEMBL1241773,24905155,295.34,C16H17N5O
CHEMBL1241774,24905218,305.34,C16H15N7
CHEMBL1241775,24905225,306.33,C15H14N8
CHEMBL1241776,135947976,321.34,C16H15N7O
CHEMBL1241858,24905299,358.8,C17H19ClN6O
CHEMBL1241859,24905303,358.8,C17H19ClN6O
CHEMBL1241860,24905238,299.30,C15H14FN5O
CHEMBL1241861,24905235,317.29,C15H13F2N5O
CHEMBL1241862,52942235,330.77,C15H15ClN6O
CHEMBL1241863,24905226,320.3,C17H16N6O
CHEMBL1241864,24905227,346.4,C19H18N6O
CHEMBL1241943,52943394,372.9,C18H21ClN6O
CHEMBL1241944,24905240,294.31,C15H14N6O
CHEMBL1241945,135947972,287.29,C14H14FN5O
CHEMBL1241946,52945845,295.34,C16H17N5O
CHEMBL1241947,24905157,301.37,C14H15N5OS
CHEMBL1241948,24905159,346.4,C15H18N6O2S
CHEMBL1241949,24905232,319.4,C17H17N7
CHEMBL1241950,24905228,334.4,C17H18N8
CHEMBL1242024,135947973,283.33,C15H17N5O
CHEMBL1242025,24905284,331.4,C19H17N5O
CHEMBL1242026,24905287,283.33,C15H17N5O
CHEMBL1242027,24905176,319.31,C15H15F2N5O
CHEMBL1242028,135947974,305.28,C14H13F2N5O
CHEMBL1242029,24905169,283.33,C15H17N5O
CHEMBL1242030,24905161,346.4,C15H18N6O2S
CHEMBL1242031,24905162,332.38,C14H16N6O2S
CHEMBL1242032,24905338,332.38,C14H16N6O2S
CHEMBL1242033,24905231,419.5,C22H25N7O2
CHEMBL1242034,24905233,319.4,C17H17N7
CHEMBL1242109,24905289,297.35,C16H19N5O
CHEMBL1242110,24905180,287.29,C14H14FN5O
CHEMBL1242111,24905181,313.33,C16H16FN5O
CHEMBL1242112,135947978,299.33,C15H17N5O2
CHEMBL1242113,24905293,285.30,C14H15N5O2
CHEMBL1242114,24905288,299.33,C15H17N5O2
CHEMBL1242115,24905154,381.5,C18H19N7OS
CHEMBL1242117,24905234,293.28,C15H11N5O2
CHEMBL1242118,24905229,321.33,C17H15N5O2
CHEMBL1242119,24905230,347.4,C19H17N5O2
CHEMBL1242198,24905342,287.29,C14H14FN5O
CHEMBL1242199,24905182,313.33,C16H16FN5O
CHEMBL1242200,24905184,362.22,C15H16BrN5O
CHEMBL1242201,24905294,325.4,C17H19N5O2
CHEMBL1242202,24905316,339.4,C18H21N5O2
CHEMBL1242203,24905313,312.33,C15H16N6O2
CHEMBL1242207,24905215,304.3,C17H16N6
CHEMBL1242208,24905217,304.3,C17H16N6
CHEMBL1242209,24905219,318.4,C18H18N6
CHEMBL1242285,24905186,348.20,C14H14BrN5O
CHEMBL1242286,24905336,392.25,C16H18BrN5O2
CHEMBL1242287,24905332,360.21,C15H14BrN5O
CHEMBL1242288,24905311,326.35,C16H18N6O2
CHEMBL1242289,24905197,339.4,C18H21N5O2
CHEMBL1242290,24905343,313.35,C16H19N5O2
CHEMBL1242293,24905202,293.33,C15H15N7
CHEMBL1242294,24905188,292.34,C16H16N6
CHEMBL1242295,24905193,318.4,C18H18N6
CHEMBL1242373,6540027,401.5,C22H19N5OS
CHEMBL1242376,24905333,374.23,C16H16BrN5O
CHEMBL1242377,24905280,287.29,C14H14FN5O
CHEMBL1242378,24905321,302.31,C14H15FN6O
CHEMBL1242379,24905330,327.4,C17H21N5O2
CHEMBL1242380,24905335,343.4,C17H21N5O3
CHEMBL1242384,24905221,306.4,C17H18N6
CHEMBL1242385,24905222,332.4,C19H20N6
CHEMBL1242386,24905223,293.33,C15H15N7
CHEMBL1242469,24905328,312.30,C15H13FN6O
CHEMBL1242470,24905329,326.33,C16H15FN6O
CHEMBL1242471,24905292,285.30,C14H15N5O2
CHEMBL1242472,24905282,327.4,C17H21N5O2
CHEMBL1242475,24905224,319.4,C17H17N7
CHEMBL1242476,24905239,308.34,C15H16N8
CHEMBL1242477,24905203,293.33,C15H15N7
CHEMBL1242566,24905325,299.30,C15H14FN5O
CHEMBL1242567,24905314,300.29,C14H13FN6O
CHEMBL1242568,24905302,313.33,C16H16FN5O
CHEMBL1242569,24905297,325.4,C17H19N5O2
CHEMBL1242572,24905206,319.4,C17H17N7
CHEMBL1242573,24905244,311.32,C15H14FN7
CHEMBL1242574,24905201,292.34,C16H16N6
CHEMBL1242656,24905315,327.36,C17H18FN5O
CHEMBL1242657,24905309,314.32,C15H15FN6O
CHEMBL1242659,24905298,367.4,C20H25N5O2
CHEMBL1242660,24905177,343.4,C17H21N5O3
CHEMBL1242661,24905207,319.4,C18H17N5O
CHEMBL1242662,135947979,319.4,C18H17N5O
CHEMBL1242663,24905220,338.8,C17H15ClN6
CHEMBL1242664,24905212,318.4,C18H18N6
CHEMBL1242665,24905246,293.33,C15H15N7
CHEMBL1242666,52945348,320.3,C17H16N6O
CHEMBL1242748,24905319,315.30,C15H14FN5O2
CHEMBL1242750,24905327,341.4,C18H20FN5O
CHEMBL1242751,24905178,313.35,C16H19N5O2
CHEMBL1242752,52945630,327.4,C17H21N5O2
CHEMBL1242753,52940797,329.35,C16H19N5O3
CHEMBL1242754,24905200,304.3,C17H16N6
CHEMBL1242755,24905211,330.4,C19H18N6
CHEMBL1242756,24905204,276.30,C15H12N6
CHEMBL1242757,24905190,292.34,C16H16N6
CHEMBL1242758,24905191,318.4,C18H18N6
CHEMBL1242844,24905301,342.4,C17H19FN6O
CHEMBL1242845,24905307,416.4,C21H17FN8O
CHEMBL1242846,24905179,315.33,C14H17N7O2
CHEMBL1242847,24905168,283.33,C15H17N5O
CHEMBL1242848,24905252,284.32,C14H16N6O
CHEMBL1242852,24905185,392.5,C21H24N6O2
CHEMBL1242853,24905187,418.5,C23H26N6O2
CHEMBL1242977,46929544,479.5,C25H20F3N5O2
CHEMBL1243200,46929748,488.5,C29H24N6O2
CHEMBL1243326,46929857,515.5,C30H22FN7O
CHEMBL1254007,15949613,445.4,C21H15F4N5O2
CHEMBL1258913,11847343,544.7,C29H32N6O3S
CHEMBL125898,10231458,564.7,C30H40N6O5
CHEMBL1270230,24809764,279.30,C15H13N5O
CHEMBL1270399,46868971,438.6,C21H26N8OS
CHEMBL1270795,25094210,343.4,C14H13N7S2
CHEMBL1271480,50899556,417.5,C23H23N5O3
CHEMBL1271532,52945752,390.4,C21H22N6O2
CHEMBL1271533,52945753,416.5,C23H24N6O2
CHEMBL1271641,52944268,432.5,C24H24N4O4
CHEMBL1271642,52941849,347.3,C15H13N3O5S
CHEMBL1271692,52947964,332.34,C14H12N4O4S
CHEMBL1272116,49765254,441.0,C22H29ClN8
CHEMBL1272171,49840306,474.5,C23H29F3N8
CHEMBL127277,465921,327.3,C20H13N3O2
CHEMBL127898,44352395,519.5,C27H20F3N5O3
CHEMBL127929,5329660,260.3,C9H12N2O3S2
CHEMBL1288582,136183413,264.28,C15H12N4O
CHEMBL129,35370,267.24,C10H13N5O4
CHEMBL1290072,50908681,304.3,C19H16N2O2
CHEMBL1290746,49838879,420.4,C21H17FN6O3
CHEMBL129946,44353122,494.6,C30H30N4O3
CHEMBL130049,44352928,524.6,C30H28N4O5
CHEMBL130163,44352951,508.6,C30H28N4O4
CHEMBL130181,44352847,482.5,C28H26N4O4
CHEMBL130208,44352930,615.6,C35H29N5O6
CHEMBL131020,44352818,544.6,C29H28N4O5S
CHEMBL131193,44352770,556.7,C35H32N4O3
CHEMBL131426,44352772,519.6,C31H29N5O3
CHEMBL131456,44352791,642.7,C38H34N4O6
CHEMBL131577,9927718,335.8,C15H14ClN3O2S
CHEMBL131590,44352914,605.1,C35H29ClN4O4
CHEMBL131715,44352785,605.1,C35H29ClN4O4
CHEMBL132169,44352844,600.7,C36H32N4O5
CHEMBL132170,44352845,660.6,C35H28N6O8
CHEMBL132348,44353100,524.6,C30H28N4O5
CHEMBL132533,44355298,578.5,C28H26N4O10
CHEMBL134536,44355373,592.6,C29H28N4O10
CHEMBL135881,44355300,608.6,C29H28N4O11
CHEMBL1375418,2727469,315.4,C19H17N5
CHEMBL1375640,2744272,332.8,C15H13ClN4OS
CHEMBL1381197,6620116,335.8,C18H14ClN5
CHEMBL139517,5480817,394.2,C20H9Cl2N3O2
CHEMBL140600,9981346,453.4,C26H19N3O5
CHEMBL141247,445840,308.33,C17H16N4O2
CHEMBL1419458,1035509,375.3,C17H13N9O2
CHEMBL14217,44269404,323.7,C17H10ClN3O2
CHEMBL1421720,718180,274.4,C13H10N2OS2
CHEMBL142425,9863786,362.4,C21H19FN4O
CHEMBL143703,221427,213.23,C12H11N3O
CHEMBL14445,44269392,200.21,C12H9FN2
CHEMBL144479,44364058,482.5,C31H22N4O2
CHEMBL144598,44363906,496.6,C32H24N4O2
CHEMBL1448,4477,327.12,C13H8Cl2N2O4
CHEMBL1461728,6466450,255.25,C14H10FN3O
CHEMBL146564,44364138,408.4,C24H16N4O3
CHEMBL1472492,10436840,397.7,C27H45N2+
CHEMBL147986,44364178,406.4,C25H18N4O2
CHEMBL148333,3540,265.33,C12H15N3O2S
CHEMBL148471,11809063,310.3,C21H14N2O
CHEMBL150894,10275001,440.5,C28H28N2O3
CHEMBL151546,5329656,344.8,C15H9ClN4O2S
CHEMBL1516890,16219401,275.30,C17H13N3O
CHEMBL153843,6398883,371.4,C20H16F3N3O
CHEMBL154620,44370466,694.5,C33H32BrN3O9
CHEMBL156776,44370150,691.3,C29H22BrCl2N3O8
CHEMBL160030,44375773,328.4,C16H16N4O2S
CHEMBL1614705,10364560,415.8,C20H19ClFN5O2
CHEMBL1614725,11620908,548.0,C26H25ClF3N5O3
CHEMBL161832,15289411,404.5,C22H20N4O2S
CHEMBL1624529,481696,416.4,C20H15F3N4O3
CHEMBL162621,44376059,485.6,C25H19N5O2S2
CHEMBL162903,20079626,426.5,C24H18N4O2S
CHEMBL163269,49796826,535.5,C26H23BrN4O2S
CHEMBL163629,44375702,484.5,C26H20N4O4S
CHEMBL1650533,53317913,463.0,C20H27ClN8OS
CHEMBL1650545,25145145,416.5,C18H18F2N8S
CHEMBL1650551,52920796,454.9,C18H19ClF2N8S
CHEMBL1651521,53324451,348.4,C19H24O6
CHEMBL1651523,49842779,332.4,C19H24O5
CHEMBL1668418,49842666,330.4,C19H22O5
CHEMBL1682341,25165085,275.31,C16H13N5
CHEMBL1682345,25165861,275.31,C16H13N5
CHEMBL1682346,25164469,290.32,C16H14N6
CHEMBL1682357,25164675,275.30,C17H13N3O
CHEMBL1682358,25165278,290.32,C17H14N4O
CHEMBL1682359,25164677,227.26,C13H13N3O
CHEMBL1682360,25165081,282.34,C16H18N4O
CHEMBL1682540,25167280,235.24,C13H9N5
CHEMBL1682545,25167075,292.4,C16H12N4S
CHEMBL1682546,25167078,306.4,C17H14N4S
CHEMBL1682552,25167072,332.4,C19H20N6
CHEMBL1682553,25167074,292.34,C16H16N6
CHEMBL1682554,25167277,306.4,C17H18N6
CHEMBL1682558,25165481,391.4,C22H22FN5O
CHEMBL1684800,52938983,573.0,C27H24ClF3N6O3
CHEMBL1688215,46215814,226.24,C11H10N6
CHEMBL16958,3815,311.3,C20H13N3O
CHEMBL1727312,201327,210.23,C13H10N2O
CHEMBL17370,9841863,361.4,C21H16FN3S
CHEMBL1738710,11683817,449.8,C21H18ClF2N3O4
CHEMBL1738758,49792852,532.5,C24H27F3N8O3
CHEMBL175225,9795307,266.12,C13H9Cl2NO
CHEMBL1765740,46215815,462.6,C25H34N8O
CHEMBL1765781,52936621,473.6,C26H31N7O2
CHEMBL1766529,50997096,473.4,C23H22F3N5O3
CHEMBL1774056,53232451,355.3,C17H15F2N7
CHEMBL177688,5330387,355.8,C18H18ClN5O
CHEMBL177780,9999186,369.6,C23H47NO2
CHEMBL1779202,53357328,425.5,C27H27N3O2
CHEMBL1784637,46864270,582.6,C30H33F3N6O3
CHEMBL1784725,53257410,277.27,C17H11NO3
CHEMBL178737,11248978,496.5,C27H24N6O4
CHEMBL1788116,11422034,600.5,C24H18F6N6O4S
CHEMBL1802358,135398522,307.30,C17H13N3O3
CHEMBL1807446,10048045,425.5,C25H23N5O2
CHEMBL1813632,53357848,552.6,C30H18F2N4O3S
CHEMBL1822792,44137946,495.6,C24H25N5O5S
CHEMBL1823221,49806721,454.6,C28H30N4O2
CHEMBL1825138,11597571,450.3,C21H22Cl2FN5O
CHEMBL1834657,53235510,560.5,C26H31Cl2N7O3
CHEMBL1835870,11604142,419.5,C23H29N7O
CHEMBL183844,5329902,371.4,C23H21N3O2
CHEMBL184847,5329895,371.4,C23H21N3O2
CHEMBL185238,449054,287.32,C17H13N5
CHEMBL185569,5329880,357.4,C22H19N3O2
CHEMBL186290,44396134,508.6,C29H28N6O3
CHEMBL1879463,11977753,469.5,C30H23N5O
CHEMBL188386,5330388,369.8,C19H20ClN5O
CHEMBL188502,5330390,416.9,C23H21ClN6
CHEMBL1890036,3453237,378.3,C17H14N8O3
CHEMBL189338,9844320,407.9,C21H22ClN7
CHEMBL189584,1401,523.7,C28H41N7O3
CHEMBL189963,5330286,447.5,C24H29N7O2
CHEMBL190984,5330389,368.9,C19H21ClN6
CHEMBL191336,9863538,356.8,C17H17ClN6O
CHEMBL1916359,24896769,419.7,C20H10Cl3FN2O
CHEMBL1916891,57394653,432.5,C24H25FN6O
CHEMBL1922224,54764923,398.6,C27H42O2
CHEMBL1922225,10047202,410.6,C28H42O2
CHEMBL1929238,53384644,554.5,C25H33Cl2N5O3S
CHEMBL1933288,53246941,458.6,C26H30N6O2
CHEMBL1933538,57396882,418.5,C25H27FN4O
CHEMBL1933550,56835089,404.5,C24H25FN4O
CHEMBL1933551,57395116,414.5,C26H30N4O
CHEMBL1933552,57395117,432.5,C26H29FN4O
CHEMBL1933576,54759168,475.5,C22H24F3N7O2
CHEMBL1933582,25210579,501.5,C24H26F3N7O2
CHEMBL1934327,56835147,500.6,C28H29FN6O2
CHEMBL193697,5327966,534.5,C28H26N2O9
CHEMBL1938680,57401151,381.9,C21H20ClN3O2
CHEMBL194498,10073832,479.4,C20H17F4N7O3
CHEMBL1945559,54613583,363.2,C17H16Cl2N4O
CHEMBL1949788,57325478,361.8,C19H20ClNO4
CHEMBL1949855,135412869,180.59,C8H5ClN2O
CHEMBL195029,5330437,553.4,C28H26Cl2N4O4
CHEMBL195218,9893493,540.5,C22H26F2N6O6S
CHEMBL1956071,16095343,342.36,C15H18N8O2
CHEMBL1957085,56643097,309.32,C17H15N3O3
CHEMBL1957190,24764502,279.3,C18H17NO2
CHEMBL1958401,136027062,270.33,C15H18N4O
CHEMBL195903,11432911,557.5,C21H19F4N7O5S
CHEMBL196363,6539985,375.4,C20H17N5OS
CHEMBL1964290,24809769,307.35,C17H17N5O
CHEMBL1964307,11164136,356.4,C22H20N4O
CHEMBL1964382,5181561,637.87,C15H12Br2I2O2
CHEMBL1964399,49830730,425.5,C22H27N5O4
CHEMBL1964413,25166868,411.3,C18H11F6N5
CHEMBL1964441,11775063,441.5,C25H23N5OS
CHEMBL1964444,49830685,346.31,C17H13F3N4O
CHEMBL1964644,10286133,278.29,C11H10N4O3S
CHEMBL1964687,49830368,415.5,C23H21N5OS
CHEMBL1964692,11676233,426.4,C21H17F3N6O
CHEMBL1964718,49830996,163.18,C8H9N3O
CHEMBL1964777,18516271,288.30,C14H9FN2O2S
CHEMBL1964804,49830439,343.4,C17H17N3O3S
CHEMBL1964902,49830659,471.5,C27H25N3O5
CHEMBL1964937,49830283,362.4,C21H22N4O2
CHEMBL1964948,49830653,526.7,C31H38N6O2
CHEMBL1965033,49830426,406.3,C19H14F4N4O2
CHEMBL1965131,49830595,379.3,C17H12Cl2N2O2S
CHEMBL1965169,49830903,288.14,C13H10BrN3
CHEMBL1965170,49830345,530.6,C27H26N6O4S
CHEMBL1965351,49830988,418.5,C23H26N6O2
CHEMBL1965387,49830674,501.0,C27H25ClN6O2
CHEMBL1965423,24952854,405.5,C22H20FN5S
CHEMBL1965495,49830938,234.26,C14H10N4
CHEMBL1965507,16122934,418.5,C21H18N6O2S
CHEMBL1965570,18451197,444.5,C24H17FN4O2S
CHEMBL1965589,16050452,408.4,C21H18F2N6O
CHEMBL1965631,49830468,375.4,C20H21N7O
CHEMBL1965660,24809803,348.2,C15H11Cl2N5O
CHEMBL1965702,49830300,370.9,C19H23ClN6
CHEMBL1965836,49830431,442.4,C23H21F3N4O2
CHEMBL1965845,49830824,376.5,C22H24N4O2
CHEMBL1965910,10073297,467.6,C29H33N5O
CHEMBL1965988,18451149,427.5,C24H21N5OS
CHEMBL1966035,49830741,293.32,C17H15N3O2
CHEMBL1966040,11537943,369.3,C19H14F3N5
CHEMBL1966069,44186884,316.32,C16H12N8
CHEMBL1966087,49830747,267.33,C16H17N3O
CHEMBL1966175,49830716,322.4,C17H18N6O
CHEMBL1966204,49830472,412.4,C23H17FN6O
CHEMBL1966279,49830819,477.5,C24H23N5O4S
CHEMBL1966343,25165277,256.30,C14H16N4O
CHEMBL1966425,49830538,442.5,C26H26N4O3
CHEMBL1966501,49830722,379.4,C20H20F3NO3
CHEMBL1966514,18451199,444.5,C24H17FN4O2S
CHEMBL1966524,22607792,400.5,C23H20N4OS
CHEMBL1966628,44415997,308.4,C17H20N6
CHEMBL1966703,3453573,325.4,C19H20FN3O
CHEMBL1966722,14983992,411.9,C21H18ClN3O2S
CHEMBL1966808,135515045,323.4,C16H13N5OS
CHEMBL1966816,49830693,350.27,C16H10F4N4O
CHEMBL1966836,11719226,444.4,C21H16F4N6O
CHEMBL1966842,49830401,589.7,C33H31N7O2S
CHEMBL1967094,49830760,367.9,C19H14ClN3OS
CHEMBL1967116,49830358,454.5,C25H22N6OS
CHEMBL1967211,49830872,214.20,C11H7FN4
CHEMBL1967252,49830586,209.25,C13H11N3
CHEMBL1967302,22607499,398.5,C24H22N4O2
CHEMBL1967336,24859158,301.25,C14H9F2N5O
CHEMBL1967513,49830681,366.72,C16H10ClF3N4O
CHEMBL1967531,49830349,361.4,C19H15N5OS
CHEMBL1967538,135993697,220.25,C9H8N4OS
CHEMBL1967544,10391182,497.6,C28H27N5O2S
CHEMBL1967560,24765714,522.6,C27H38N8O3
CHEMBL1967564,49830927,254.29,C14H14N4O
CHEMBL1967612,64790,217.63,C7H4ClNO3S
CHEMBL1967720,49830372,529.6,C27H24FN7O2S
CHEMBL1967878,49830398,451.5,C24H30FN7O
CHEMBL1967887,49830436,268.31,C15H16N4O
CHEMBL1967992,49830498,285.3,C19H15N3
CHEMBL1967998,49830510,448.9,C23H25ClN8
CHEMBL1968070,15986273,289.68,C12H8ClN5O2
CHEMBL1968127,11338778,408.5,C22H25FN6O
CHEMBL1968130,49831040,169.57,C5H4ClN5
CHEMBL1968151,136027069,269.28,C12H7N5OS
CHEMBL1968245,49830600,404.9,C23H21ClN4O
CHEMBL1968380,11577250,521.7,C28H39N7O3
CHEMBL1968394,49830505,223.27,C15H13NO
CHEMBL1968406,49830381,415.5,C23H21N5OS
CHEMBL1968459,49830321,267.33,C15H17N5
CHEMBL1968515,3071991,203.20,C10H9N3O2
CHEMBL1968590,49830813,380.5,C19H16N4OS2
CHEMBL1968606,49830425,354.8,C18H15ClN4O2
CHEMBL1968705,25012088,535.6,C31H33N7O2
CHEMBL1968791,49830757,467.6,C29H33N5O
CHEMBL1968850,49830947,246.65,C11H7ClN4O
CHEMBL1968868,49830682,357.29,C17H10F3N5O
CHEMBL1968926,884767,268.34,C14H12N4S
CHEMBL1968930,49830303,330.81,C16H19ClN6
CHEMBL1969042,135566832,359.4,C21H17N3O3
CHEMBL1969049,49830485,346.4,C22H22N2O2
CHEMBL1969102,18451073,440.5,C24H20N6OS
CHEMBL1969126,49830800,379.4,C20H15F2N5O
CHEMBL1969151,49830280,370.9,C19H23ClN6
CHEMBL1969156,49830907,210.23,C12H10N4
CHEMBL1969190,49830423,410.4,C21H16F2N4O3
CHEMBL1969264,49830994,318.4,C19H18N4O
CHEMBL1969301,49830806,457.6,C27H31N5O2
CHEMBL1969372,49830605,364.4,C19H17FN6O
CHEMBL1969483,49830410,630.8,C35H34N8O2S
CHEMBL1969502,135543617,344.4,C20H16N4O2
CHEMBL1969506,49830885,497.5,C23H23N5O6S
CHEMBL1969523,49830729,379.5,C21H25N5O2
CHEMBL1969537,1568886,320.4,C11H8N6S3
CHEMBL1969561,49830461,374.4,C21H22N6O
CHEMBL1969588,49830275,334.8,C19H15ClN4
CHEMBL1969664,135564570,334.4,C19H18N4O2
CHEMBL1969735,49830614,426.9,C21H20ClFN6O
CHEMBL1969755,49830502,350.4,C21H19FN2O2
CHEMBL1969843,25164884,283.33,C15H17N5O
CHEMBL1969879,22282869,303.36,C15H21N5O2
CHEMBL1969942,49830424,346.4,C20H15FN4O
CHEMBL1970006,49830535,346.4,C15H18N6O2S
CHEMBL1970074,49830380,410.4,C22H17F3N4O
CHEMBL1970083,11156716,523.5,C26H17F4N5OS
CHEMBL1970104,136027064,290.4,C18H18N4
CHEMBL1970142,49830353,525.6,C28H27N7O2S
CHEMBL1970189,2813676,286.71,C14H11ClN4O
CHEMBL1970203,49830378,432.5,C22H20N6O2S
CHEMBL1970217,49830483,346.4,C22H22N2O2
CHEMBL1970290,46945066,526.7,C31H38N6O2
CHEMBL1970314,49830959,263.29,C16H13N3O
CHEMBL1970317,49830359,458.5,C24H19FN6OS
CHEMBL1970340,49831015,226.23,C13H10N2O2
CHEMBL1970352,3335325,471.3,C22H18INO3
CHEMBL1970369,49830477,339.3,C17H17N5O3
CHEMBL1970522,135435475,326.4,C17H14N2O3S
CHEMBL1970709,24768216,345.19,C15H13BrN4O
CHEMBL1970735,49830860,234.25,C11H14N4O2
CHEMBL1970806,135654401,323.4,C16H13N5OS
CHEMBL1970873,49830568,224.26,C14H12N2O
CHEMBL1970879,9549184,621.7,C34H39N9O3
CHEMBL1970903,20744821,397.5,C24H23N5O
CHEMBL1970913,49830928,310.35,C17H18N4O2
CHEMBL1970950,49830523,336.3,C18H16N4O3
CHEMBL1971017,49830789,272.30,C14H9FN2OS
CHEMBL1971021,11189864,439.4,C24H20F3N3O2
CHEMBL1971029,49830511,590.5,C24H28BrN7O4S
CHEMBL1971132,49830725,365.3,C19H18F3NO3
CHEMBL1971141,49830387,345.4,C21H19N3O2
CHEMBL1971149,49830616,438.4,C22H20F2N6O2
CHEMBL1971172,49830296,407.9,C18H22ClN5O2S
CHEMBL1971186,11417587,378.4,C20H19FN6O
CHEMBL1971223,49830646,513.6,C30H35N5O3
CHEMBL1971227,21700057,465.4,C22H18F3NO5S
CHEMBL1971245,49830408,428.5,C23H24N8O
CHEMBL1971289,4589745,264.30,C12H12N2O3S
CHEMBL1971430,18767859,425.5,C26H27N5O
CHEMBL1971485,49830416,630.8,C35H34N8O2S
CHEMBL1971519,49830782,227.24,C13H10FN3
CHEMBL1971534,20244403,178.21,C8H6N2OS
CHEMBL1971606,49830504,378.4,C23H23FN2O2
CHEMBL1971649,49830376,387.4,C22H18FN5O
CHEMBL1971694,145948328,282.34,C12H15FN4OS
CHEMBL1971801,10398257,212.21,C11H8N4O
CHEMBL1971943,11524200,402.8,C18H13ClF2N6O
CHEMBL1971947,11442914,475.6,C28H21N5OS
CHEMBL1972119,24859161,417.4,C20H18F3N5O2
CHEMBL1972125,49830438,462.5,C29H26N4O2
CHEMBL1972142,49830491,327.4,C21H17N3O
CHEMBL1972152,2818965,259.29,C12H9N3O2S
CHEMBL1972158,49830432,366.4,C22H18N6
CHEMBL1972183,18458840,296.4,C19H24N2O
CHEMBL1972220,46223254,536.6,C26H22F2N6O3S
CHEMBL1972221,49830832,386.5,C19H22N4O3S
CHEMBL1972250,49830638,312.3,C19H12N4O
CHEMBL1972258,49830749,255.31,C15H17N3O
CHEMBL1972276,23433024,366.5,C20H26N6O
CHEMBL1972290,49830298,287.75,C14H14ClN5
CHEMBL1972339,49830464,383.4,C23H18FN5
CHEMBL1972346,4813,244.24,C14H12O4
CHEMBL1972355,135536753,322.3,C18H14N2O4
CHEMBL1972362,49830791,332.4,C15H12N2O3S2
CHEMBL1972365,404051,210.23,C12H10N4
CHEMBL1972454,49831022,175.19,C9H9N3O
CHEMBL1972462,46873764,271.35,C17H21NO2
CHEMBL1972489,2305717,271.70,C14H10ClN3O
CHEMBL1972568,49830750,212.25,C13H12N2O
CHEMBL1972576,49830369,418.5,C21H18N6O2S
CHEMBL1972583,14501860,238.24,C13H10N4O
CHEMBL1972584,49830623,591.7,C33H37N9O2
CHEMBL1972659,136027072,358.4,C23H22N2O2
CHEMBL1972820,246391,283.23,C15H9NO5
CHEMBL1972840,49830599,400.5,C23H20N4OS
CHEMBL1972849,49830803,410.4,C20H16F2N6O2
CHEMBL1972934,4269486,151.19,C6H5N3S
CHEMBL1972937,135533388,310.4,C17H14N2O2S
CHEMBL1972988,49830316,230.65,C11H7ClN4
CHEMBL1973013,49830727,328.23,C11H14BrN5S
CHEMBL1973016,49830807,373.4,C18H19N3O4S
CHEMBL1973098,2831603,267.3,C11H9NO3S2
CHEMBL1973138,46894109,579.7,C34H37N5O4
CHEMBL1973142,49831025,303.2,C11H8Cl2N2O2S
CHEMBL1973145,49830382,390.5,C20H18N6OS
CHEMBL1973178,11856995,458.4,C22H17F3N4O4
CHEMBL1973211,18451223,481.6,C28H27N5OS
CHEMBL1973348,49830454,497.0,C29H25ClN4O2
CHEMBL1973359,49831046,272.22,C12H8N4O4
CHEMBL1973363,49830551,393.4,C21H23N5O3
CHEMBL1973395,49830291,294.35,C17H18N4O
CHEMBL1973399,49830990,196.23,C8H8N2O2S
CHEMBL1973483,49830700,400.28,C17H10F6N4O
CHEMBL1973516,49830841,439.5,C24H25N9
CHEMBL1973540,3536,449.5,C21H15N5O3S2
CHEMBL1973711,135497772,287.66,C13H6ClN3O3
CHEMBL1973720,49830273,342.8,C17H19ClN6
CHEMBL1973793,49830770,429.3,C19H13BrN2O3S
CHEMBL1973795,19078761,209.24,C14H11NO
CHEMBL1973808,17163635,271.70,C14H10ClN3O
CHEMBL1973860,49830963,270.4,C15H14N2OS
CHEMBL1973868,49831029,222.24,C14H10N2O
CHEMBL1973893,49830833,372.4,C18H20N4O3S
CHEMBL1973937,49830370,436.3,C21H18BrN5O
CHEMBL1973961,49830780,491.5,C27H27F2N5O2
CHEMBL1974157,2390,294.30,C17H14N2O3
CHEMBL1974254,49830362,484.6,C26H24N6O2S
CHEMBL1974288,49830479,318.4,C20H18N2O2
CHEMBL1974310,18516237,272.30,C14H9FN2OS
CHEMBL1974328,22665513,340.4,C18H24N6O
CHEMBL1974363,49830733,344.4,C20H16N4O2
CHEMBL1974416,49830276,349.3,C20H13F2N3O
CHEMBL1974457,49830793,273.28,C14H8FNO2S
CHEMBL1974480,136027067,351.16,C13H11BrN4O3
CHEMBL1974574,49830820,253.26,C14H11N3O2
CHEMBL1974617,25165082,215.21,C11H9N3O2
CHEMBL1974664,49830998,347.4,C19H17N5O2
CHEMBL1974702,49830896,330.59,C11H5BrClNO2S
CHEMBL1974803,9820089,356.6,C15H8Cl3NO3
CHEMBL1974870,20744829,392.9,C22H21ClN4O
CHEMBL1974875,49830989,212.23,C8H8N2O3S
CHEMBL1974935,49830597,370.4,C23H22N4O
CHEMBL1974998,49830668,494.6,C29H30N6O2
CHEMBL1975121,49830489,332.4,C21H20N2O2
CHEMBL1975128,49830433,416.22,C16H13IN6
CHEMBL1975138,2797246,395.5,C21H18FN3O2S
CHEMBL1975208,49830892,348.33,C16H17FN4O4
CHEMBL1975212,15314692,227.29,C12H9N3S
CHEMBL1975233,49830696,317.73,C14H12ClN5O2
CHEMBL1975256,2044508,386.4,C14H10N8O2S2
CHEMBL1975357,49831038,365.5,C22H27N3O2
CHEMBL197538,44143344,426.9,C21H20ClFN6O
CHEMBL1975418,25164882,315.4,C19H17N5
CHEMBL1975490,49830539,414.5,C24H22N4O3
CHEMBL1975500,9981692,460.5,C25H24N4O5
CHEMBL1975503,49830831,226.23,C12H10N4O
CHEMBL1975534,49830925,363.16,C10H14IN5O2
CHEMBL1975647,24859296,283.26,C14H10FN5O
CHEMBL1975787,18516214,290.29,C14H8F2N2OS
CHEMBL1975900,49830881,348.2,C16H11Cl2N3O2
CHEMBL1975903,49830632,355.4,C18H17N3O3S
CHEMBL1975921,1924413,214.02,C6H4BrN3O
CHEMBL1975923,255603,316.35,C17H20N2O4
CHEMBL1975927,49830536,406.4,C22H22N4O4
CHEMBL1976040,24856436,500.6,C27H32N8O2
CHEMBL1976090,24203040,218.24,C8H6N6S
CHEMBL1976093,49830604,419.5,C23H26FN7
CHEMBL1976134,49830865,234.26,C14H10N4
CHEMBL1976158,49830967,372.13,C15H6BrN3O4
CHEMBL1976196,49831034,405.2,C18H14Cl2N4O3
CHEMBL1976220,18451366,439.3,C20H15BrN4OS
CHEMBL1976240,49830482,347.4,C21H21N3O2
CHEMBL1976290,49830501,241.26,C15H12FNO
CHEMBL1976328,11338239,388.5,C22H20N4OS
CHEMBL1976376,49830756,402.4,C23H22N4O3
CHEMBL1976420,24755603,281.35,C17H19N3O
CHEMBL1976455,24858859,333.27,C15H10F3N5O
CHEMBL1976732,49830801,410.4,C20H16F2N6O2
CHEMBL1976872,22402079,175.19,C9H9N3O
CHEMBL1976936,49830330,343.8,C17H18ClN5O
CHEMBL1977041,49830361,416.4,C22H20N6O3
CHEMBL1977128,49830471,419.4,C24H17N7O
CHEMBL1977134,49830343,532.5,C27H19F3N6O3
CHEMBL1977135,11196984,288.3,C19H16N2O
CHEMBL1977138,49830640,358.4,C20H15FN6
CHEMBL1977148,49830363,500.6,C26H24N6O3S
CHEMBL1977223,25164472,360.4,C20H20N6O
CHEMBL1977346,11993789,338.10,C11H7IN4O
CHEMBL1977374,49830802,380.4,C20H18F2N6
CHEMBL1977604,49830875,381.4,C17H17F2N3O3S
CHEMBL1977619,49830805,245.26,C11H7N3O2S
CHEMBL1977634,49830650,470.5,C27H26N4O4
CHEMBL1977681,49830731,275.30,C13H10FN3OS
CHEMBL1977713,22337591,300.74,C15H13ClN4O
CHEMBL1977749,49831023,277.3,C18H15NO2
CHEMBL1977814,49831005,319.78,C16H18ClN3O2
CHEMBL1977931,49830887,237.26,C14H11N3O
CHEMBL1978014,25164470,415.5,C23H25N7O
CHEMBL1978099,49830512,460.5,C20H21FN6O4S
CHEMBL1978166,49830344,525.7,C31H35N5OS
CHEMBL1978167,49830677,327.18,C15H11BrN4
CHEMBL1978195,18516106,333.20,C14H9BrN2OS
CHEMBL1978200,24947488,424.4,C22H22F2N6O
CHEMBL1978267,49830417,616.7,C34H32N8O2S
CHEMBL1978271,49830655,515.6,C29H33N5O4
CHEMBL1978371,12678237,411.9,C26H18ClNO2
CHEMBL1978448,49830711,331.4,C16H17N3O3S
CHEMBL1978562,49831051,352.19,C16H10BrN5
CHEMBL1978567,49830710,353.4,C19H19N3O2S
CHEMBL1978656,49831001,344.4,C20H16N4O2
CHEMBL1979057,11221493,340.4,C21H16N4O
CHEMBL1979093,11463885,406.4,C22H19FN4O3
CHEMBL1979176,49830698,362.31,C17H13F3N4O2
CHEMBL197923,44406013,347.4,C20H17N3OS
CHEMBL1979252,25205759,347.29,C17H12F3N3O2
CHEMBL1979318,600129,378.17,C14H11IN4O
CHEMBL1979357,49830874,354.4,C23H22N4
CHEMBL1979516,49830371,449.5,C23H20FN5O2S
CHEMBL1979554,49830547,387.2,C18H12Cl2N4O2
CHEMBL1979577,18451141,455.6,C26H25N5OS
CHEMBL1979690,49830399,434.9,C22H23ClN8
CHEMBL1979718,794531,345.4,C20H19N5O
CHEMBL1979773,49830654,484.6,C28H32N6O2
CHEMBL1979855,49830663,466.5,C27H26N6O2
CHEMBL1979883,18451176,455.6,C26H25N5OS
CHEMBL1979933,49830522,325.30,C16H12FN5O2
CHEMBL1979970,49830930,317.29,C15H13F2N5O
CHEMBL1980142,49830703,400.28,C17H10F6N4O
CHEMBL1980144,49830566,418.5,C21H18N6O2S
CHEMBL1980161,20135774,167.59,C7H6ClN3
CHEMBL1980163,5209964,327.4,C21H17N3O
CHEMBL1980167,49830678,490.5,C24H22N6O4S
CHEMBL1980178,49830307,384.9,C19H21ClN6O
CHEMBL1980246,49830808,293.32,C16H15N5O
CHEMBL1980253,49830297,329.78,C16H16ClN5O
CHEMBL1980297,46207586,488.5,C25H21FN6O2S
CHEMBL1980329,49830822,302.3,C19H14N2O2
CHEMBL1980376,49830766,224.26,C14H12N2O
CHEMBL1980391,135398512,356.8,C18H14ClFN4O
CHEMBL1980407,49830430,436.5,C27H24N4O2
CHEMBL1980435,49830466,424.5,C24H20N6O2
CHEMBL1980489,25206387,313.74,C16H12ClN3O2
CHEMBL1980540,49830701,366.72,C16H10ClF3N4O
CHEMBL1980562,49830302,420.9,C18H21ClN6O2S
CHEMBL1980592,135655504,297.34,C14H11N5OS
CHEMBL1980671,49830567,227.22,C11H9N5O
CHEMBL1980704,4306353,345.4,C19H15N5S
CHEMBL1980715,3038489,376.5,C20H36N6O
CHEMBL1980763,49830768,385.9,C20H24ClN5O
CHEMBL1980802,49830839,391.76,C16H14ClN5O5
CHEMBL1980896,49830671,473.8,C20H14BrClN4OS
CHEMBL1980904,49830783,429.4,C21H15F4N5O
CHEMBL1980995,5279,466.5,C28H26N4O3
CHEMBL1981045,49830579,611.7,C35H37N3O7
CHEMBL1981047,21874004,474.6,C26H30N6O3
CHEMBL1981079,24809834,331.73,C15H11ClFN5O
CHEMBL1981107,2765796,150.18,C8H10N2O
CHEMBL1981215,49830689,398.29,C17H11F5N4O2
CHEMBL1981410,49830593,455.4,C22H20F3N7O
CHEMBL1981492,49830864,191.19,C9H9N3O2
CHEMBL1981511,49830573,301.3,C19H15N3O
CHEMBL1981671,49830721,219.24,C11H13N3O2
CHEMBL1981720,24772168,265.27,C14H11N5O
CHEMBL1981725,49830406,612.7,C36H33FN8O
CHEMBL1981744,49830680,366.72,C16H10ClF3N4O
CHEMBL1981782,49830545,335.2,C15H12Cl2N4O
CHEMBL1981792,49830691,368.26,C16H9F5N4O
CHEMBL1981947,49830736,475.5,C24H24F3N3O4
CHEMBL1982122,49830486,361.5,C21H19N3OS
CHEMBL1982135,49830379,401.5,C22H19N5OS
CHEMBL1982167,45908781,374.4,C21H18N4O3
CHEMBL1982271,49830312,427.9,C21H26ClN7O
CHEMBL1982361,49830582,297.28,C16H12FN3O2
CHEMBL1982383,49830611,435.5,C23H26FN7O
CHEMBL1982400,25164272,351.4,C22H17N5
CHEMBL1982413,4714238,304.8,C17H21ClN2O
CHEMBL1982465,18451208,497.6,C28H27N5O2S
CHEMBL1982466,49830351,454.5,C25H22N6OS
CHEMBL1982476,49830356,451.9,C22H18ClN5O2S
CHEMBL1982506,15314616,258.23,C13H10N2O4
CHEMBL1982541,49830931,370.4,C19H22N4O4
CHEMBL1982563,49830609,420.5,C23H25FN6O
CHEMBL1982610,136027071,371.56,C12H7ClIN3O
CHEMBL1982660,49830684,362.31,C17H13F3N4O2
CHEMBL1982700,49830995,374.5,C21H30N2O4
CHEMBL1982711,49830274,271.70,C14H10ClN3O
CHEMBL1982753,9928802,359.9,C18H22ClN5O
CHEMBL1982866,49831004,314.77,C16H15ClN4O
CHEMBL1982874,24952851,403.5,C22H18FN5S
CHEMBL1982880,49830719,347.4,C19H17N5O2
CHEMBL1982924,49830287,343.4,C21H17N3O2
CHEMBL1982957,49830277,313.4,C20H15N3O
CHEMBL1982980,49830850,432.3,C23H23Cl2NO3
CHEMBL1982982,49830496,321.3,C19H16FN3O
CHEMBL1982992,15745966,277.73,C12H8ClN3OS
CHEMBL1983006,49830702,347.71,C14H10ClN5O4
CHEMBL1983025,18451135,483.6,C28H29N5OS
CHEMBL1983070,136027079,345.4,C21H19N3O2
CHEMBL1983111,49830590,474.5,C23H25F3N6O2
CHEMBL1983195,2213120,376.4,C21H20N4O3
CHEMBL1983268,25141092,560.6,C31H34F2N6O2
CHEMBL1983309,5057999,348.8,C16H13ClN2O3S
CHEMBL1983348,136027065,386.4,C22H22N6O
CHEMBL1983393,49830428,346.4,C20H15FN4O
CHEMBL1983449,25205919,307.3,C18H17N3O2
CHEMBL1983534,44237411,317.4,C19H15N3S
CHEMBL1983573,49830862,236.27,C14H12N4
CHEMBL1983575,136027060,413.06,C14H11Br2N3O2
CHEMBL1983589,49830333,342.8,C17H19ClN6
CHEMBL1983595,49830474,428.9,C23H17ClN6O
CHEMBL1983630,15504063,210.23,C13H10N2O
CHEMBL1983640,49830347,499.5,C28H26FN5O3
CHEMBL1983715,23652669,437.6,C22H27N7OS
CHEMBL1983884,12666261,185.19,C9H7N5
CHEMBL1983923,49831008,375.5,C21H25N7
CHEMBL1983932,49830695,373.20,C16H13BrN4O2
CHEMBL1983945,49830556,383.4,C23H21N5O
CHEMBL1983963,10043997,359.4,C20H17N5O2
CHEMBL1983980,46837054,542.6,C28H22N4O4S2
CHEMBL1984038,49830576,545.6,C29H27N3O6S
CHEMBL1984039,49830849,453.5,C28H27N3O3
CHEMBL1984044,9798600,352.4,C20H24N4O2
CHEMBL1984162,49830620,527.6,C29H33N7O3
CHEMBL1984191,49830951,291.13,C13H8Cl2N4
CHEMBL1984206,49830857,297.31,C15H15N5O2
CHEMBL1984236,49830926,363.3,C15H15BrN4S
CHEMBL1984274,3109350,424.4,C23H16N6O3
CHEMBL1984296,868869,342.4,C22H18N2O2
CHEMBL1984363,11268820,374.4,C22H19FN4O
CHEMBL1984367,49830762,376.5,C21H20N4OS
CHEMBL1984402,13811517,243.26,C13H13N3O2
CHEMBL1984432,25166655,303.4,C18H17N5
CHEMBL1984500,21907509,212.04,C8H6BrNO
CHEMBL1984548,49830518,343.77,C15H14ClN7O
CHEMBL1984586,10338500,359.4,C20H17N5O2
CHEMBL1984633,49830708,339.4,C18H17N3O2S
CHEMBL1984686,49831052,301.14,C13H9BrN4
CHEMBL1984700,49830615,454.5,C23H24F2N6O2
CHEMBL1984711,21060786,425.5,C22H27N5O4
CHEMBL1984760,49830533,391.4,C19H20F3N5O
CHEMBL1984788,16666093,372.8,C19H18ClFN4O
CHEMBL1984842,49830618,464.5,C25H29FN6O2
CHEMBL1984847,136027089,444.2,C17H13BrF3N3O3
CHEMBL1985042,617753,241.24,C13H11N3O2
CHEMBL1985074,49830890,278.76,C13H11ClN2OS
CHEMBL1985092,136027088,377.8,C21H16ClN3O2
CHEMBL1985095,49830742,439.5,C23H17N7OS
CHEMBL1985153,49830525,327.4,C17H21N5O2
CHEMBL1985206,49830637,306.4,C18H14N2OS
CHEMBL1985309,23433114,350.4,C19H22N6O
CHEMBL1985311,49830670,391.4,C21H18FN5O2
CHEMBL1985367,49830840,276.34,C17H16N4
CHEMBL1985406,49830787,315.32,C17H15F2N3O
CHEMBL1985469,2866301,324.4,C18H20N4O2
CHEMBL1985491,11338257,389.4,C22H20FN5O
CHEMBL1985566,49830577,560.6,C34H32N4O4
CHEMBL1985580,49830746,394.5,C25H22N4O
CHEMBL1985681,49831011,305.3,C18H15N3O2
CHEMBL1985723,49830295,329.8,C17H20ClN5
CHEMBL1985888,11546373,426.4,C21H17F3N6O
CHEMBL1986139,15745956,261.73,C12H8ClN3S
CHEMBL1986143,49830500,332.4,C21H20N2O2
CHEMBL1986177,49831018,430.9,C18H15ClN6OS2
CHEMBL1986186,9881974,273.33,C15H19N3O2
CHEMBL1986263,11210054,342.4,C17H18N4O2S
CHEMBL1986265,49830724,399.8,C19H17ClF3NO3
CHEMBL1986328,4323109,348.4,C19H16N4O3
CHEMBL1986499,49830434,384.4,C22H17FN6
CHEMBL1986503,2801756,206.59,C7H3ClN6
CHEMBL1986530,25002232,448.5,C24H25FN6O2
CHEMBL1986588,43237179,195.24,C8H9N3OS
CHEMBL1986590,315880,260.29,C17H12N2O
CHEMBL1986597,49830559,505.5,C25H23N5O5S
CHEMBL1986603,23642173,451.5,C21H21N7O3S
CHEMBL1986666,49830521,347.3,C17H13N7O2
CHEMBL1986684,49830970,232.28,C12H16N4O
CHEMBL1986756,49830690,360.3,C18H15F3N4O
CHEMBL1986781,11407497,420.4,C22H21FN6O2
CHEMBL1986851,49830373,502.6,C26H23FN6O2S
CHEMBL1986855,49830310,348.4,C20H17FN4O
CHEMBL1986869,47001891,367.5,C17H13N5OS2
CHEMBL1986899,49830961,292.3,C19H17FN2
CHEMBL1986943,49830272,343.8,C17H18ClN5O
CHEMBL1986970,49830462,390.4,C21H22N6O2
CHEMBL1986979,49830672,393.4,C21H17F2N5O
CHEMBL1986996,49831026,315.3,C15H13N3O3S
CHEMBL1987007,49830759,340.4,C18H20N4OS
CHEMBL1987009,49830565,363.4,C20H17N3O2S
CHEMBL1987034,15605335,475.3,C18H15BrN6O3S
CHEMBL1987054,49830621,548.0,C28H30ClN7O3
CHEMBL1987073,49830475,428.9,C23H17ClN6O
CHEMBL1987143,49830923,210.23,C12H10N4
CHEMBL1987261,49830306,313.4,C17H20FN5
CHEMBL1987359,13984334,355.4,C20H25N3O3
CHEMBL1987430,49830704,374.4,C19H17F3N4O
CHEMBL1987448,49830311,244.68,C12H9ClN4
CHEMBL1987533,36559462,285.73,C15H12ClN3O
CHEMBL1987535,44632634,352.5,C19H20N4OS
CHEMBL1987648,15981404,406.5,C22H23FN6O
CHEMBL1987679,22607266,400.4,C23H20N4O3
CHEMBL1987745,49830575,321.8,C18H12ClN3O
CHEMBL1987756,3541,446.4,C20H20BrN3O2S
CHEMBL1987793,25100740,435.5,C29H25NO3
CHEMBL1987815,49830804,244.27,C11H8N4OS
CHEMBL1987910,18451363,428.4,C21H15F3N4OS
CHEMBL1987948,49830301,420.9,C18H21ClN6O2S
CHEMBL1987982,49830978,358.4,C20H17F3N2O
CHEMBL1987998,46872622,331.8,C18H18ClNO3
CHEMBL1988075,49830350,469.5,C26H20FN5OS
CHEMBL1988076,49830411,502.6,C29H22N6OS
CHEMBL1988141,49831006,277.32,C14H19N3O3
CHEMBL1988153,18516203,377.3,C17H10F3N3O2S
CHEMBL1988163,49830876,365.4,C18H15N5O2S
CHEMBL1988173,2797247,425.9,C22H20ClN3O2S
CHEMBL1988300,49830814,383.5,C22H17N5S
CHEMBL1988370,9825149,453.6,C28H31N5O
CHEMBL1988387,49830352,506.5,C25H20F2N6O2S
CHEMBL1988437,3086685,386.5,C22H18N4OS
CHEMBL1988537,23882428,368.8,C19H13ClN2O2S
CHEMBL1988581,2827827,233.27,C12H15N3O2
CHEMBL1988594,49830377,404.4,C20H16N6O2S
CHEMBL1988608,49830544,375.4,C20H17N5O3
CHEMBL1988622,49831048,221.26,C14H11N3
CHEMBL1988692,22060010,268.31,C15H16N4O
CHEMBL1988717,24894081,492.5,C24H19F3N8O
CHEMBL1988778,49830786,393.4,C21H17F2N5O
CHEMBL1988805,49830642,241.27,C11H7N5S
CHEMBL1988838,49830509,428.5,C19H20N6O4S
CHEMBL1988872,49830834,317.37,C14H15N5O2S
CHEMBL1988995,25134688,380.4,C19H14F2N6O
CHEMBL1989029,87939151,269.30,C15H15N3O2
CHEMBL1989043,18521941,462.4,C21H21Cl2N5OS
CHEMBL1989265,20261448,363.4,C17H18FN3O3S
CHEMBL1989267,49830815,568.7,C31H32N6O3S
CHEMBL1989423,3392643,156.18,C10H8N2
CHEMBL1989471,49830969,252.31,C16H16N2O
CHEMBL1989474,49830854,254.26,C14H11FN4
CHEMBL1989518,49830748,241.29,C14H15N3O
CHEMBL1989569,49830560,324.4,C18H20N4O2
CHEMBL1989646,49830442,304.3,C17H16N6
CHEMBL1989708,49830367,498.6,C27H26N6O2S
CHEMBL1989805,3270866,380.4,C18H12N4O4S
CHEMBL1989834,49830958,210.23,C13H10N2O
CHEMBL1989856,135529650,251.24,C14H9N3O2
CHEMBL1989957,49830965,264.32,C17H16N2O
CHEMBL1990162,49830470,419.4,C24H17N7O
CHEMBL1990212,49830720,381.8,C19H16ClN5O2
CHEMBL1990223,46872619,380.3,C19H19Cl2NO3
CHEMBL1990254,49830481,317.4,C20H19N3O
CHEMBL1990288,49830403,399.4,C23H18FN5O
CHEMBL1990346,49830785,288.14,C13H10BrN3
CHEMBL1990415,49830924,289.29,C16H11N5O
CHEMBL1990482,9905711,238.24,C13H10N4O
CHEMBL1990496,49831009,461.6,C29H27N5O
CHEMBL1990583,44520205,405.4,C20H16FN7O2
CHEMBL1990590,136027070,335.8,C19H14ClN3O
CHEMBL1990635,21979999,388.4,C22H23F3N2O
CHEMBL1990821,49830848,427.5,C28H29NO3
CHEMBL1990884,49830900,390.4,C22H19FN4O2
CHEMBL1990885,3086686,398.5,C22H27FN4O2
CHEMBL1990904,49830607,360.4,C20H17FN6
CHEMBL1990912,49830587,265.31,C16H15N3O
CHEMBL1991008,49830784,209.25,C13H11N3
CHEMBL1991063,49830441,427.3,C22H20Cl2N4O
CHEMBL1991078,49830457,454.5,C25H22N6O3
CHEMBL1991138,11442386,453.6,C28H31N5O
CHEMBL1991143,49830933,339.8,C18H14ClN3O2
CHEMBL1991180,136027090,388.34,C15H16N8O5
CHEMBL1991188,49830825,380.4,C22H21FN2O3
CHEMBL1991285,49830837,429.9,C20H20ClN5O4
CHEMBL1991356,49830712,290.3,C18H14N2O2
CHEMBL1991377,136027076,293.24,C14H10F3N3O
CHEMBL1991395,49830606,392.4,C21H21FN6O
CHEMBL1991410,49830328,384.8,C19H11ClF2N4O
CHEMBL1991429,49830404,585.7,C33H27N7O2S
CHEMBL1991434,49830948,388.2,C18H14BrNO4
CHEMBL1991577,49830740,299.37,C17H21N3O2
CHEMBL1991640,49831017,399.4,C20H15F2N3O2S
CHEMBL1991674,49830293,343.8,C17H18ClN5O
CHEMBL1991678,16050450,424.4,C22H22F2N6O
CHEMBL1991725,22607531,479.6,C29H29N5O2
CHEMBL1991728,49830921,746.9,C32H50N20O2
CHEMBL1991734,49830922,301.4,C20H19N3
CHEMBL1991782,49830499,215.27,C12H9NOS
CHEMBL1991800,16050449,446.5,C25H27FN6O
CHEMBL1991818,49831042,331.4,C21H21N3O
CHEMBL1991846,49830744,331.4,C21H21N3O
CHEMBL1991867,49831028,174.61,C4H3ClN4S
CHEMBL1992042,23740938,434.5,C29H23FN2O
CHEMBL1992073,49830715,373.5,C18H23N5O2S
CHEMBL199210,16085320,482.6,C27H26N6OS
CHEMBL1992125,23536094,407.5,C22H25N5O3
CHEMBL1992220,49830309,413.9,C20H24ClN7O
CHEMBL1992231,49830520,325.30,C16H12FN5O2
CHEMBL1992242,49830388,373.5,C22H19N3OS
CHEMBL1992306,49830591,430.4,C21H17F3N4O3
CHEMBL1992323,135451585,220.61,C10H5ClN2O2
CHEMBL1992342,49830437,330.4,C16H18N4O2S
CHEMBL1992363,49830476,437.5,C25H23N7O
CHEMBL1992371,136027063,280.28,C15H12N4O2
CHEMBL1992536,49830543,348.4,C19H16N4O3
CHEMBL1992555,5216867,407.4,C19H13N5O4S
CHEMBL1992581,49830905,370.4,C20H16F2N2OS
CHEMBL1992607,49830946,179.18,C7H9N5O
CHEMBL1992634,49830292,273.13,C13H9BrN2
CHEMBL1992644,5207138,221.26,C14H11N3
CHEMBL1992645,49830781,567.6,C27H22FN3O6S2
CHEMBL1992673,135976272,220.61,C9H5ClN4O
CHEMBL1992723,18001010,194.23,C13H10N2
CHEMBL1992732,3662552,411.4,C18H21N9O3
CHEMBL1992740,49830929,429.5,C21H25F2N7O
CHEMBL1992796,136027083,399.9,C24H18ClN3O
CHEMBL1992922,49830286,284.31,C15H16N4O2
CHEMBL1992937,49831002,269.26,C13H11N5O2
CHEMBL1993166,49830867,775.9,C33H53N21O2
CHEMBL1993243,49830817,353.4,C18H15N3O3S
CHEMBL1993335,49830676,345.17,C15H10BrFN4
CHEMBL1993374,49830728,297.81,C12H16ClN5S
CHEMBL1993413,49830338,348.8,C19H13ClN4O
CHEMBL1993424,49830877,379.4,C19H17N5O2S
CHEMBL1993548,49830743,289.76,C15H16ClN3O
CHEMBL1993584,49830598,371.4,C23H21N3O2
CHEMBL1993634,49830657,514.6,C29H34N6O3
CHEMBL1993661,49830508,479.9,C20H22ClN5O5S
CHEMBL1993722,49830673,405.4,C21H16FN5O3
CHEMBL1993781,49830745,361.4,C22H23N3O2
CHEMBL199383,44406014,363.4,C20H17N3O2S
CHEMBL1993877,49830755,226.28,C13H14N4
CHEMBL1993904,11560418,401.4,C21H15N5O2S
CHEMBL1993941,49830360,486.6,C26H23FN6OS
CHEMBL1993996,49830385,393.4,C21H17F2N5O
CHEMBL1994040,25016360,450.5,C24H24F2N6O
CHEMBL1994074,623415,273.13,C13H9BrN2
CHEMBL1994159,49830871,237.26,C14H11N3O
CHEMBL1994241,2858224,370.2,C17H12BrN3O2
CHEMBL1994308,5111160,436.8,C20H16ClF3N4O2
CHEMBL1994318,49830648,526.7,C31H38N6O2
CHEMBL1994321,18450918,505.6,C25H23N5O3S2
CHEMBL1994361,49830440,480.5,C29H25FN4O2
CHEMBL1994438,49830315,342.8,C17H19ClN6
CHEMBL1994526,5711,247.34,C14H21N3O
CHEMBL1994538,24859013,333.27,C15H10F3N5O
CHEMBL1994555,49830902,265.31,C16H15N3O
CHEMBL1994638,11176299,375.4,C21H18FN5O
CHEMBL1994669,49830513,388.22,C15H14BrN7O
CHEMBL1994693,49830375,387.5,C21H17N5OS
CHEMBL1994724,49830717,338.4,C19H18N2O2S
CHEMBL1994808,15323455,196.21,C11H8N4
CHEMBL1994830,9946124,344.8,C15H9ClN4O2S
CHEMBL1994864,25205762,293.32,C17H15N3O2
CHEMBL1994938,49830628,482.4,C22H20BrN5OS
CHEMBL1994977,49830656,499.6,C29H33N5O3
CHEMBL1995172,49831016,235.08,C10H7BrN2
CHEMBL1995211,49830284,266.34,C16H18N4
CHEMBL199528,11645322,313.4,C17H19N3OS
CHEMBL1995391,49830835,190.25,C10H14N4
CHEMBL1995448,49830584,245.28,C12H15N5O
CHEMBL1995592,49831037,367.8,C18H14ClN5O2
CHEMBL1995712,49830329,427.9,C21H26ClN7O
CHEMBL1995736,49830558,350.4,C20H22N4O2
CHEMBL1995740,10317442,377.3,C20H15N3O5
CHEMBL1995765,459567,176.18,C8H8N4O
CHEMBL1995811,49830458,430.4,C23H16F2N6O
CHEMBL1995813,49830281,308.4,C17H20N6
CHEMBL1995832,49830610,440.4,C22H22F2N6O2
CHEMBL1995916,18870913,201.22,C11H11N3O
CHEMBL1995927,49830955,280.75,C13H17ClN4O
CHEMBL1996048,49830754,308.4,C18H20N4O
CHEMBL1996066,49830641,317.4,C17H11N5S
CHEMBL1996111,49830463,346.4,C19H18N6O
CHEMBL1996155,18458813,283.37,C17H21N3O
CHEMBL1996176,4625,210.23,C13H10N2O
CHEMBL1996208,672301,316.36,C15H20N6O2
CHEMBL1996234,11640390,421.5,C26H23N5O
CHEMBL1996255,49830355,393.4,C21H17F2N5O
CHEMBL1996345,49830643,295.4,C15H13N5S
CHEMBL1996390,49830794,255.29,C14H9NO2S
CHEMBL1996500,16050453,410.4,C21H20F2N6O
CHEMBL1996510,11851810,424.5,C24H20N6O2
CHEMBL1996543,49830435,361.4,C22H20FN3O
CHEMBL1996576,49830979,443.5,C24H24F3N3O2
CHEMBL1996587,49830960,410.4,C21H20F2N6O
CHEMBL1996604,135485273,340.4,C18H16N2O3S
CHEMBL1996646,49830943,426.9,C23H27ClN4O2
CHEMBL1996649,49830366,534.6,C28H31FN6O2S
CHEMBL1996702,10456958,460.5,C26H28N4O4
CHEMBL1996780,49830917,400.4,C24H20N2O4
CHEMBL1996791,49830624,359.17,C11H14IN5O
CHEMBL1996795,49830555,467.6,C25H26FN3O3S
CHEMBL1996817,49830455,267.33,C16H17N3O
CHEMBL1996831,4982682,279.3,C18H17NO2
CHEMBL1996837,49831039,210.26,C8H10N4OS
CHEMBL1996923,417428,188.01,C6H3Cl2N3
CHEMBL1996931,49830497,366.8,C21H19ClN2O2
CHEMBL1996979,49830278,349.3,C20H13F2N3O
CHEMBL1996980,49830308,413.9,C20H24ClN7O
CHEMBL1997007,49830532,323.4,C18H21N5O
CHEMBL1997023,13084523,265.29,C11H11N3O3S
CHEMBL1997025,16665630,338.4,C19H19FN4O
CHEMBL1997041,49830888,227.24,C13H10FN3
CHEMBL1997051,49830414,611.7,C32H27F2N7O2S
CHEMBL1997119,49830941,209.25,C13H11N3
CHEMBL1997129,49830880,315.4,C20H17N3O
CHEMBL1997193,49830869,387.3,C17H11BrN2O2S
CHEMBL1997197,49830644,339.4,C17H17N5OS
CHEMBL1997275,3661799,290.3,C18H14N2O2
CHEMBL1997335,2876406,334.4,C20H18N2O3
CHEMBL1997340,49830467,312.32,C16H16N4O3
CHEMBL1997349,6303347,476.3,C24H15Cl2N5O2
CHEMBL1997503,49830737,441.9,C23H24ClN3O4
CHEMBL1997534,49830589,405.5,C23H23N3O2S
CHEMBL199755,44406074,325.4,C18H19N3OS
CHEMBL1997597,49830445,316.4,C15H16N4O2S
CHEMBL1997611,23295827,373.32,C16H15N5O6
CHEMBL1997617,6539952,482.6,C29H34N6O
CHEMBL1997623,11292807,411.4,C21H16F3N5O
CHEMBL1997759,46435372,344.4,C20H16N4O2
CHEMBL1997764,49830288,343.4,C21H17N3O2
CHEMBL1997822,18450667,433.5,C23H19N3O2S2
CHEMBL1997846,49830282,327.8,C17H18ClN5
CHEMBL1997872,49830767,307.3,C18H17N3O2
CHEMBL1997892,49830909,440.8,C19H13ClF4N4O2
CHEMBL1997909,49830412,516.6,C30H24N6OS
CHEMBL1997924,49830886,362.5,C19H18N6S
CHEMBL1998112,10110877,389.4,C21H19N5O3
CHEMBL1998121,23570850,363.2,C17H16Cl2N4O
CHEMBL1998159,49830966,427.4,C22H20F3N5O
CHEMBL1998193,3089072,356.4,C18H24N6O2
CHEMBL1998253,112928,186.25,C12H14N2
CHEMBL1998414,49830761,319.8,C15H14ClN3OS
CHEMBL1998432,49830294,342.8,C17H19ClN6
CHEMBL1998435,49830964,265.31,C16H15N3O
CHEMBL1998470,49830327,314.77,C16H15ClN4O
CHEMBL1998477,49830732,392.4,C20H16N4O3S
CHEMBL1998545,49830503,332.4,C21H20N2O2
CHEMBL1998551,25167971,396.4,C20H18F2N6O
CHEMBL1998585,9868229,447.4,C20H13F4N5OS
CHEMBL1998611,49830895,305.58,C9H6BrClN2OS
CHEMBL1998680,49830660,514.6,C29H30N4O5
CHEMBL1998829,49830290,347.8,C20H14ClN3O
CHEMBL1998953,22484544,278.35,C17H18N4
CHEMBL1999112,3449643,409.4,C20H15N3O5S
CHEMBL1999120,49830971,193.20,C9H11N3O2
CHEMBL1999126,90661076,407.4,C24H17N5O2
CHEMBL1999321,11646704,385.4,C23H19N3O3
CHEMBL1999414,49830346,530.7,C29H34N6O2S
CHEMBL1999428,49830488,302.4,C20H18N2O
CHEMBL1999484,10022738,381.5,C19H23N7S
CHEMBL1999496,23996921,342.4,C23H22N2O
CHEMBL1999506,49830667,527.6,C30H33N5O4
CHEMBL1999556,18516349,254.31,C14H10N2OS
CHEMBL1999590,3133620,344.4,C19H16N6O
CHEMBL1999714,19934548,224.26,C14H12N2O
CHEMBL1999718,49830699,357.29,C17H10F3N5O
CHEMBL1999749,22557045,544.6,C34H32N4O3
CHEMBL1999774,49830891,336.77,C15H17ClN4O3
CHEMBL1999811,4121107,329.34,C14H11N5O3S
CHEMBL1999918,49830790,369.19,C14H7BrF2N2OS
CHEMBL1999931,25164676,394.4,C23H18N6O
CHEMBL2000029,49830443,380.4,C23H20N6
CHEMBL2000071,49830289,268.31,C15H16N4O
CHEMBL2000078,49830413,631.7,C35H33N7O3S
CHEMBL2000104,49830795,346.4,C16H14N2O3S2
CHEMBL2000114,49830456,238.31,C10H14N4OS
CHEMBL2000271,22607336,372.5,C23H24N4O
CHEMBL2000335,49830354,389.5,C21H19N5OS
CHEMBL2000345,2858816,384.2,C18H14BrN3O2
CHEMBL2000354,135444250,326.4,C17H14N2O3S
CHEMBL2000393,49831024,420.4,C21H14F2N6O2
CHEMBL2000408,49830613,438.5,C23H24F2N6O
CHEMBL2000429,49830612,468.5,C24H26F2N6O2
CHEMBL2000433,3653771,265.31,C15H15N5
CHEMBL2000481,49830818,463.5,C23H21N5O4S
CHEMBL2000508,19022684,295.3,C16H10FN3S
CHEMBL2000568,49830622,236.27,C15H12N2O
CHEMBL2000652,11383888,395.8,C20H15ClFN5O
CHEMBL2000685,136027061,708.8,C32H40N18O2
CHEMBL2000724,136027080,326.4,C20H14N4O
CHEMBL2000801,49830386,431.4,C21H13F4N3OS
CHEMBL2000832,49830569,483.5,C28H22FN3O4
CHEMBL2000879,49830975,198.26,C13H14N2
CHEMBL2000894,49830915,386.4,C22H18N4O3
CHEMBL2000934,49830688,360.3,C18H15F3N4O
CHEMBL2001019,17754438,372.4,C19H16N8O
CHEMBL2001149,49830856,450.5,C26H18N4O2S
CHEMBL2001224,49830838,371.8,C18H18ClN5O2
CHEMBL2001228,49830400,626.1,C32H25ClFN7O2S
CHEMBL2001239,49830987,438.8,C18H14ClF3N6O2
CHEMBL2001257,11306240,483.6,C28H29N5OS
CHEMBL2001288,49831041,393.14,C10H12IN5O4
CHEMBL2001398,49830453,352.4,C20H24N4O2
CHEMBL2001451,49830651,526.7,C31H38N6O2
CHEMBL2001477,49830495,303.4,C19H17N3O
CHEMBL2001485,49830348,539.7,C29H29N7O2S
CHEMBL2001539,13452859,176.24,C9H8N2S
CHEMBL2001547,25016361,424.4,C22H22F2N6O
CHEMBL2001584,49831007,595.7,C34H37N5O5
CHEMBL2001613,21609265,213.03,C7H5BrN2O
CHEMBL2001641,44186879,243.26,C12H13N5O
CHEMBL2001646,25101956,526.6,C35H30N2O3
CHEMBL2001668,135741883,337.12,C12H8IN3O
CHEMBL2001751,49830601,476.5,C29H24N4O3
CHEMBL2001920,1268887,341.2,C11H5BrN2O2S2
CHEMBL2001923,49830953,675.7,C39H32F3N5O3
CHEMBL2001957,49830608,490.5,C23H22F4N6O2
CHEMBL2001987,49830692,368.26,C16H9F5N4O
CHEMBL2001998,49830639,457.5,C25H27N7O2
CHEMBL2002099,17754772,306.4,C17H18N6
CHEMBL2002105,9834334,213.03,C6H5BrN4
CHEMBL2002165,49830365,502.6,C26H23FN6O2S
CHEMBL2002182,17856673,211.22,C12H9N3O
CHEMBL2002202,49830492,243.69,C14H10ClNO
CHEMBL2002240,49830858,302.3,C18H14N4O
CHEMBL2002322,49830792,390.3,C16H8F6N2OS
CHEMBL2002323,49830863,242.25,C13H11FN4
CHEMBL2002346,11565683,301.3,C18H15N5
CHEMBL2002373,49830879,279.34,C17H17N3O
CHEMBL2002407,2868675,281.27,C14H11N5O2
CHEMBL2002432,49830726,311.4,C16H17N5S
CHEMBL2002446,49830636,458.6,C27H30N4OS
CHEMBL2002450,49830968,240.26,C14H12N2O2
CHEMBL2002479,49830537,448.9,C24H21ClN4O3
CHEMBL2002480,49830949,211.22,C11H9N5
CHEMBL2002553,135741685,210.21,C8H6N2O3S
CHEMBL2002586,25016188,401.9,C19H20ClN5OS
CHEMBL2002599,44247753,376.4,C20H20N6O2
CHEMBL2002613,49830465,454.5,C25H22N6O3
CHEMBL2002649,24906268,241.24,C13H11N3O2
CHEMBL2002660,49830649,499.6,C29H33N5O3
CHEMBL2002682,49830851,600.1,C35H38ClN3O4
CHEMBL2002690,49830911,361.4,C20H15N3O2S
CHEMBL2002702,123015,238.28,C15H14N2O
CHEMBL2002723,49831032,268.27,C13H12N6O
CHEMBL2002726,20744853,358.4,C22H22N4O
CHEMBL2002736,49830788,235.28,C12H17N3O2
CHEMBL2002992,9820195,286.37,C16H22N4O
CHEMBL2003229,49830447,253.30,C14H15N5
CHEMBL2003271,49830554,399.7,C16H9Cl3N2O2S
CHEMBL2003286,233113,251.26,C11H9NO4S
CHEMBL2003341,49830480,387.3,C20H16Cl2N2O2
CHEMBL2003420,3099034,384.5,C20H28N6O2
CHEMBL2003456,49830383,211.22,C12H9N3O
CHEMBL2003482,9814156,275.73,C14H14ClN3O
CHEMBL2003514,49830709,334.4,C19H18N4O2
CHEMBL2003524,23829003,286.28,C15H14N2O4
CHEMBL2003638,49830460,412.4,C23H17FN6O
CHEMBL2003657,24952850,455.5,C21H18FN5O2S2
CHEMBL2003682,136027082,314.29,C16H12F2N4O
CHEMBL2003689,49830662,485.5,C28H27N3O5
CHEMBL2003768,49830883,339.3,C18H17N3O4
CHEMBL2003785,6455415,243.24,C12H10FN5
CHEMBL200381,9549300,404.8,C21H14ClFN6
CHEMBL2003817,24858860,333.27,C15H10F3N5O
CHEMBL2004025,18189414,425.5,C19H23NO8S
CHEMBL2004033,12284431,213.03,C7H5BrN2O
CHEMBL2004072,49830796,287.31,C15H10FNO2S
CHEMBL2004118,49830769,357.8,C18H20ClN5O
CHEMBL2004159,49830506,320.3,C18H16N4O2
CHEMBL2004290,46223479,528.6,C28H28N6O3S
CHEMBL2004311,21907506,385.5,C24H23N3O2
CHEMBL2004355,44611456,375.4,C16H17N5O4S
CHEMBL2004365,4458892,459.6,C20H17N3O4S3
CHEMBL2004419,49830799,423.5,C22H19F2N5S
CHEMBL2004438,49830384,423.4,C22H16F3N5O
CHEMBL2004447,3155438,312.34,C17H17FN4O
CHEMBL2004513,49830578,344.4,C21H16N2O3
CHEMBL2004515,49830811,239.23,C13H9N3O2
CHEMBL2004544,49830882,373.4,C18H15NO6S
CHEMBL2004615,11299662,249.29,C10H11N5OS
CHEMBL2004631,25165086,330.4,C19H18N6
CHEMBL2004637,49830645,498.6,C29H34N6O2
CHEMBL2004647,9977114,381.22,C15H17BrN4O3
CHEMBL2004692,5031818,380.4,C16H12N8O2S
CHEMBL2004716,49830364,542.7,C30H34N6O2S
CHEMBL2004771,49830540,341.4,C21H15N3O2
CHEMBL2004871,49830878,297.33,C17H16FN3O
CHEMBL2004872,49830826,333.4,C20H19N3O2
CHEMBL2004887,49830633,210.23,C12H10N4
CHEMBL2004892,49830444,302.35,C14H14N4O2S
CHEMBL2004934,49830484,350.4,C21H19FN2O2
CHEMBL2005112,6017349,486.3,C24H16BrN5O2
CHEMBL2005186,11950170,452.5,C26H24N6O2
CHEMBL2005216,49830335,420.9,C18H21ClN6O2S
CHEMBL2005375,49830534,506.6,C28H38N6O3
CHEMBL2005449,49830992,314.77,C15H15ClN6
CHEMBL2005475,49830758,339.5,C19H21N3OS
CHEMBL2005478,49830675,357.20,C16H13BrN4O
CHEMBL2005482,49830409,622.1,C33H28ClN7O2S
CHEMBL2005509,49830304,399.9,C19H22ClN7O
CHEMBL2005528,49830944,258.27,C14H14N2O3
CHEMBL2005548,49830884,487.3,C23H20Cl2N4O4
CHEMBL2005631,49830357,449.5,C23H20FN5O2S
CHEMBL2005699,49830661,471.5,C27H25N3O5
CHEMBL2005718,49830299,365.8,C15H16ClN5O2S
CHEMBL2005792,49830617,422.5,C22H23FN6O2
CHEMBL2005828,9950716,359.4,C20H17N5O2
CHEMBL2005886,135398504,480.0,C25H26ClN5O3
CHEMBL2005899,22413670,315.37,C17H21N3O3
CHEMBL2005936,49830459,436.5,C26H24N6O
CHEMBL2006010,49830694,401.2,C16H9Cl2F3N4O
CHEMBL2006156,5018815,404.5,C23H24N4O3
CHEMBL2006188,49830487,404.5,C24H28N4O2
CHEMBL2006237,23433004,393.5,C21H27N7O
CHEMBL2006263,49830739,328.4,C16H16N4O2S
CHEMBL2006276,49830552,332.4,C19H16N4O2
CHEMBL2006299,11537005,318.4,C20H18N2O2
CHEMBL2006439,49830279,327.8,C17H18ClN5
CHEMBL2006450,49830337,328.8,C17H17ClN4O
CHEMBL2006456,49830305,398.9,C21H27ClN6
CHEMBL2006481,25164885,296.32,C16H16N4O2
CHEMBL2006493,49831031,282.21,C14H9F3O3
CHEMBL2006564,49830764,351.4,C18H21N7O
CHEMBL2006567,49830859,258.30,C12H10N4OS
CHEMBL2006580,15745967,277.73,C12H8ClN3OS
CHEMBL2006581,49830932,384.8,C15H17ClN4O4S
CHEMBL2006631,49830572,393.5,C21H19N3O3S
CHEMBL2006674,16048554,396.5,C21H28N6O2
CHEMBL2006715,49830407,607.6,C32H23F2N7O2S
CHEMBL2006765,16129448,392.4,C18H19F3N6O
CHEMBL2006778,49830816,380.4,C20H17FN4OS
CHEMBL2006785,49830594,361.2,C17H10Cl2N2OS
CHEMBL2006836,5895068,451.4,C25H17N5O4
CHEMBL2006933,49831012,242.30,C13H10N2OS
CHEMBL2007002,49830588,359.4,C21H17N3O3
CHEMBL2007044,49830635,367.4,C23H21N5
CHEMBL2007064,206042,310.3,C18H18N2O3
CHEMBL2007073,46945263,485.6,C28H31N5O3
CHEMBL2007097,25224338,167.19,C6H5N3OS
CHEMBL2007124,49830427,374.3,C18H13F3N4O2
CHEMBL2007138,12553292,222.63,C10H7ClN2O2
CHEMBL2007151,9956874,481.6,C30H35N5O
CHEMBL2007266,49830908,498.6,C28H27FN6O2
CHEMBL2007296,49830490,360.4,C23H24N2O2
CHEMBL2007372,49830619,421.5,C22H24FN7O
CHEMBL2007375,49830697,370.3,C19H13F3N4O
CHEMBL2007421,49831044,391.8,C17H19ClFN7O
CHEMBL2007479,49830954,275.37,C14H17N3OS
CHEMBL2007559,49830765,409.4,C18H18F3N5OS
CHEMBL2007574,49830285,245.67,C11H8ClN5
CHEMBL2007592,136027068,322.4,C17H14N4OS
CHEMBL2007603,49830686,350.27,C16H10F4N4O
CHEMBL2010872,11751922,477.6,C28H27N7O
CHEMBL201307,9916282,580.7,C29H33FN6O4S
CHEMBL201511,11530963,378.4,C21H18N2O5
CHEMBL2017214,53348216,422.6,C21H26N8S
CHEMBL202635,23646814,400.9,C19H21ClN6O2
CHEMBL202721,9914412,513.6,C29H31N5O4
CHEMBL2029060,70683609,770.7,C35H38N4O16
CHEMBL202930,10125830,332.4,C20H16N2O3
CHEMBL2029988,56846693,517.5,C24H22F3N5O5
CHEMBL2031893,56604907,528.5,C29H25FN4O5
CHEMBL2035810,53341082,477.9,C23H20ClN7O3
CHEMBL2036343,56832546,294.4,C17H14N2OS
CHEMBL2042135,56947170,490.5,C24H25F3N4O2S
CHEMBL204420,44410960,458.9,C22H24ClFN6O2
CHEMBL2046643,24995659,407.4,C20H24F3N5O
CHEMBL2046883,57412684,537.7,C25H27N7O3S2
CHEMBL2048912,44229839,522.0,C25H24ClN7O2S
CHEMBL2063926,66552478,505.7,C26H35N9S
CHEMBL2064666,57325421,539.1,C28H35ClN6O3
CHEMBL206783,44410717,443.9,C22H23ClFN5O2
CHEMBL206955,11532048,429.9,C21H21ClFN5O2
CHEMBL207037,44410829,415.8,C20H19ClFN5O2
CHEMBL2071201,68783839,404.26,C16H18BrN7O
CHEMBL207130,11620055,487.0,C24H28ClFN6O2
CHEMBL2071457,66553589,478.3,C22H22Cl2FN5O2
CHEMBL207235,44410869,459.9,C22H23ClFN5O3
CHEMBL207246,44410851,415.8,C20H19ClFN5O2
CHEMBL207253,23647212,305.76,C15H16ClN3O2
CHEMBL207400,23647201,317.65,C12H7ClF3N3O2
CHEMBL207445,11691173,461.9,C22H25ClFN5O3
CHEMBL207544,23647573,418.5,C27H22N4O
CHEMBL207584,11495680,429.9,C21H21ClFN5O2
CHEMBL207674,44410720,445.9,C21H21ClFN5O3
CHEMBL207687,11596881,417.9,C20H21ClFN5O2
CHEMBL207718,11532676,458.9,C22H24ClFN6O2
CHEMBL207815,11526238,503.0,C24H28ClFN6O3
CHEMBL207995,23646813,331.71,C14H10ClN5O3
CHEMBL208048,44410949,445.9,C22H25ClFN5O2
CHEMBL208286,11373886,433.9,C20H21ClFN5O3
CHEMBL208637,11715520,220.23,C10H12N4O2
CHEMBL2086760,67161540,448.0,C25H26ClN5O
CHEMBL209148,11467730,623.8,C32H41N5O4S2
CHEMBL209534,11846126,297.31,C15H15N5O2
CHEMBL210032,11658882,252.27,C14H12N4O
CHEMBL210390,15604547,409.5,C25H23N5O
CHEMBL210618,11624601,356.4,C18H20N4O4
CHEMBL210887,44412343,340.33,C17H16N4O4
CHEMBL210928,11590363,443.9,C18H22ClN3O6S
CHEMBL210963,11539329,434.5,C19H22N4O6S
CHEMBL211003,11661959,431.9,C21H23ClFN5O2
CHEMBL2111784,10390073,472.6,C28H29FN4S
CHEMBL211378,10067064,360.4,C19H16N6O2
CHEMBL21156,5494425,309.3,C18H16FN3O
CHEMBL212084,44414322,318.4,C18H14N4S
CHEMBL212382,10247543,354.4,C19H16F2N4O
CHEMBL212968,9999342,372.3,C19H15F3N4O
CHEMBL213207,11645208,307.4,C18H21N5
CHEMBL213423,10473563,358.3,C18H13F3N4O
CHEMBL213451,23647330,323.32,C17H14FN5O
CHEMBL213505,10409523,414.3,C19H13F3N6O2
CHEMBL213618,16043304,436.4,C19H19Cl2N5OS
CHEMBL213743,44414347,350.5,C20H22N4S
CHEMBL214198,23647348,339.3,C18H15F2N5
CHEMBL214253,4369491,328.3,C20H12N2O3
CHEMBL214329,23646624,390.5,C23H30N6
CHEMBL2148053,71452977,734.7,C32H33Cl2N5O7S2
CHEMBL2151321,59627005,381.4,C19H20FN7O
CHEMBL2152252,56955954,453.9,C18H14ClF2N5O3S
CHEMBL2152253,60155724,449.9,C19H17ClFN5O3S
CHEMBL215652,23647319,356.8,C18H14ClFN4O
CHEMBL215803,16046126,403.4,C22H21N5O3
CHEMBL215943,16086114,535.6,C29H28F3N5O2
CHEMBL2163772,51000510,277.27,C17H11NO3
CHEMBL217090,10301884,527.0,C27H31ClN4O5
CHEMBL217092,10302451,542.0,C27H32ClN5O5
CHEMBL2171124,53469448,451.4,C24H20F3N5O
CHEMBL2178352,54760383,468.6,C27H32N8
CHEMBL219722,11244819,343.4,C20H17N5O
CHEMBL220057,11314310,357.4,C21H19N5O
CHEMBL220241,16095342,570.6,C29H30N8O5
CHEMBL2204532,25206346,579.0,C28H24ClFN6O3S
CHEMBL2205426,71455860,414.5,C23H22N6O2
CHEMBL2205766,44557921,346.4,C15H18N6O2S
CHEMBL2206666,57505528,398.3,C20H13F3N4O2
CHEMBL2208034,57991377,444.5,C25H28N6O2
CHEMBL221536,9840393,328.4,C20H12N2OS
CHEMBL223257,11784520,463.9,C20H22ClN5O6
CHEMBL223367,11362471,431.9,C20H22ClN5O4
CHEMBL223460,11397177,466.9,C18H19ClN6O5S
CHEMBL223971,11590078,431.5,C23H21N5O2S
CHEMBL225088,11454205,470.6,C24H38N8O2
CHEMBL225519,11715767,213.23,C12H11N3O
CHEMBL226403,10389239,340.4,C21H16N4O
CHEMBL226471,11992146,307.3,C18H14FN3O
CHEMBL230232,17758019,472.7,C19H12BrClFN7
CHEMBL230654,17758239,469.3,C23H19Cl2FN6
CHEMBL230761,17758574,485.7,C21H15BrClFN6
CHEMBL2311100,71716081,636.5,C27H24O18
CHEMBL231209,18451372,378.4,C20H15FN4OS
CHEMBL2312185,71300299,420.5,C21H24N8S
CHEMBL2312290,71552696,510.6,C27H38N6O4
CHEMBL2312301,70789756,466.6,C25H34N6O3
CHEMBL2312303,71552941,505.4,C24H30Cl2N6O2
CHEMBL2312304,71552942,507.4,C23H28Cl2N6O3
CHEMBL2312645,71553011,438.6,C24H34N6O2
CHEMBL2312646,71553012,477.4,C23H30Cl2N6O
CHEMBL2312649,71553085,520.5,C25H35Cl2N7O
CHEMBL2312652,71553152,481.4,C21H26Cl2N6O3
CHEMBL2312654,71553154,461.4,C22H26Cl2N6O
CHEMBL231568,11620410,508.0,C26H26ClN5O4
CHEMBL23254,448991,432.9,C20H25ClN6O3
CHEMBL2326002,53354074,418.9,C20H24ClFN6O
CHEMBL232601,16664858,401.5,C23H19N3O2S
CHEMBL233001,766949,332.4,C20H16N2OS
CHEMBL23327,456214,388.9,C19H25ClN6O
CHEMBL2332840,71575642,448.8,C19H12ClF3N6O2
CHEMBL2333365,59604787,455.5,C23H22FN3O4S
CHEMBL2333445,71568837,339.4,C18H17N3O2S
CHEMBL2338333,2132479,291.3,C18H17N3O
CHEMBL2338334,71718330,293.4,C18H19N3O
CHEMBL234085,9818231,312.37,C16H20N6O
CHEMBL2347053,5703619,332.3,C18H12N4O3
CHEMBL2348417,71583657,508.0,C25H22ClN5O3S
CHEMBL235157,17754396,334.4,C19H18N4O2
CHEMBL235345,135611170,371.5,C22H17N3OS
CHEMBL237570,24180608,467.6,C28H25N3O2S
CHEMBL242237,16058637,321.33,C17H15N5O2
CHEMBL242753,136060555,458.5,C29H22N4O2
CHEMBL242865,23647262,351.32,C17H13N5O4
CHEMBL243088,23647251,322.32,C17H14N4O3
CHEMBL243298,23647255,324.31,C17H13FN4O2
CHEMBL243518,23647258,338.3,C18H15FN4O2
CHEMBL244378,23647264,346.3,C18H14N6O2
CHEMBL245212,17758240,410.8,C20H13ClF2N6
CHEMBL245377,16747696,523.6,C30H29N5O2S
CHEMBL245769,44440254,455.5,C26H21N3O3S
CHEMBL245968,44440256,499.6,C28H25N3O4S
CHEMBL246166,44440259,469.5,C26H19N3O4S
CHEMBL246356,17748275,528.5,C25H20F4N6O3
CHEMBL246970,16727123,404.9,C19H25ClN6O2
CHEMBL248757,44444843,471.9,C20H18ClN7O3S
CHEMBL249097,25138012,335.4,C18H17N5O2
CHEMBL249282,44442347,387.4,C22H21N5O2
CHEMBL253292,24882503,489.4,C23H26Cl2N6O2
CHEMBL253969,9811611,532.4,C20H24BrF2N5O3S
CHEMBL256835,5166,368.4,C20H21FN4O2
CHEMBL259850,448014,308.32,C12H12N4O4S
CHEMBL259922,16730109,411.4,C22H17N7O2
CHEMBL260092,15941246,441.4,C21H18F3N7O
CHEMBL260135,6263849,287.32,C17H13N5
CHEMBL261720,5330812,425.4,C15H13F2N7O2S2
CHEMBL262433,16043242,394.4,C19H15FN6OS
CHEMBL262623,10705154,239.28,C13H13N5
CHEMBL263188,44378581,1105.3,C45H76N20O11S
CHEMBL263225,44378516,1113.3,C42H84N26O10
CHEMBL264406,4877,317.4,C19H19N5
CHEMBL26501,127757,452.5,C28H28N4O2
CHEMBL265315,9910164,423.0,C20H31ClN6O2
CHEMBL265502,5361,1297.3,C51H40N6O23S6
CHEMBL265876,44378540,1063.2,C42H70N20O11S
CHEMBL266255,10450849,355.4,C22H17N3O2
CHEMBL266487,2399,327.3,C20H13N3O2
CHEMBL266969,10450005,341.4,C20H27N3O2
CHEMBL267019,10406267,361.3,C20H15N3O4
CHEMBL267869,10407341,379.4,C22H13N5O2
CHEMBL267941,10360971,357.4,C22H19N3O2
CHEMBL268368,5327723,325.3,C20H11N3O2
CHEMBL268441,10361853,371.4,C22H17N3O3
CHEMBL268868,1697,329.4,C20H15N3O2
CHEMBL269538,5280953,212.25,C13H12N2O
CHEMBL271190,24807809,547.6,C29H41NO9
CHEMBL271381,11856204,453.3,C21H17BrN4O3
CHEMBL271441,11494558,376.4,C20H17FN6O
CHEMBL272453,11407183,408.8,C21H17ClN4O3
CHEMBL272888,16118737,589.6,C31H30F3N7O2
CHEMBL272938,11544961,358.4,C20H18N6O
CHEMBL273187,11624999,376.4,C20H17FN6O
CHEMBL273547,44269518,248.28,C15H12N4
CHEMBL274064,5164,338.4,C18H19FN6
CHEMBL275224,64961,168.19,C11H8N2
CHEMBL277008,44273560,608.6,C29H28N4O11
CHEMBL27852,9850467,547.7,C29H37N7O2S
CHEMBL278819,4199,298.4,C17H22N4O
CHEMBL279405,135402873,309.4,C18H19N3O2
CHEMBL280069,10061448,266.29,C16H14N2O2
CHEMBL280074,4592,298.34,C15H18N6O
CHEMBL281470,5092865,276.29,C17H12N2O2
CHEMBL281872,5329032,459.3,C19H16BrFN6O2
CHEMBL281957,9869943,484.4,C25H27Cl2N5O
CHEMBL282830,9937406,548.7,C28H36N8O2S
CHEMBL284436,44278104,436.0,C21H34ClN7O
CHEMBL28509,1392,523.7,C27H58NO6P
CHEMBL28641,452114,587.7,C27H58INO2S
CHEMBL28657,14654646,452.6,C23H50BrNO2
CHEMBL288273,3002104,934.6,C41H26O26
CHEMBL28893,467804,468.6,C23H50BrNOS
CHEMBL289369,460897,326.25,C14H14O9
CHEMBL289959,324081,221.26,C14H11N3
CHEMBL290632,169853,866.8,C45H38O18
CHEMBL291126,9932061,423.4,C25H17N3O4
CHEMBL29197,4705,360.20,C16H14BrN3O2
CHEMBL291975,10940039,500.6,C32H28N4O2
CHEMBL293338,44299157,471.5,C28H29N3O4
CHEMBL293750,44299145,481.5,C29H27N3O4
CHEMBL294653,44299187,467.5,C28H25N3O4
CHEMBL295132,468758,584.4,C28H23Cl2N3O7
CHEMBL296586,3820,327.17,C16H11BrN2O
CHEMBL296682,9995236,305.13,C12H9BrN4O
CHEMBL298445,447961,328.35,C14H12N6O2S
CHEMBL299368,14522793,496.6,C25H54BrNO3
CHEMBL299763,5328127,396.4,C20H24N6O3
CHEMBL300549,9958125,514.6,C33H30N4O2
CHEMBL300559,489124,367.4,C23H17N3O2
CHEMBL300936,5282335,490.6,C23H30N4O4S2
CHEMBL301018,5329009,333.74,C16H13ClFN3O2
CHEMBL301483,5328134,504.5,C24H31Cl2N7O
CHEMBL301860,22907281,466.6,C29H30N4O2
CHEMBL302449,3501,378.4,C24H18N4O
CHEMBL303144,9806182,505.6,C29H30F3N5
CHEMBL305178,447721,506.6,C28H29F3N6
CHEMBL306380,1400,281.36,C16H19N5
CHEMBL307152,5330788,494.6,C30H30N4O3
CHEMBL309265,44317538,357.8,C17H12ClN3O2S
CHEMBL309733,44460786,648.5,C28H24O18
CHEMBL309953,21362698,253.08,C11H6Cl2N2O
CHEMBL31,5379,375.4,C19H22FN3O4
CHEMBL310179,21362749,351.8,C19H14ClN3O2
CHEMBL310527,127406,648.5,C28H24O18
CHEMBL310950,44460512,920.6,C41H28O25
CHEMBL310975,11414735,277.12,C12H9BrN2O
CHEMBL311201,11287153,202.64,C11H7ClN2
CHEMBL311306,44317865,330.77,C16H15ClN4O2
CHEMBL311573,44317982,466.3,C20H18O13
CHEMBL311906,44460496,922.7,C41H30O25
CHEMBL312170,21362697,349.3,C18H18Cl2N2O
CHEMBL312648,44317768,351.8,C19H14ClN3O2
CHEMBL312651,21362741,267.11,C12H8Cl2N2O
CHEMBL312676,21362756,295.75,C12H10ClN3O2S
CHEMBL312698,21362754,275.69,C13H10ClN3O2
CHEMBL316264,10592750,333.3,C20H13F2N3
CHEMBL318272,10255238,495.6,C29H29N5O3
CHEMBL318650,44328672,502.6,C28H34N6O3
CHEMBL319068,10389862,467.6,C28H29N5O2
CHEMBL319556,23532567,488.4,C25H21Cl2F2N3O
CHEMBL319894,11729539,423.5,C22H25N5O2S
CHEMBL320574,44340972,592.6,C29H28N4O10
CHEMBL320575,44340973,592.6,C29H28N4O10
CHEMBL321262,44340970,592.6,C29H28N4O10
CHEMBL322066,9888491,422.5,C22H26N6O3
CHEMBL322711,44340930,608.6,C29H28N4O11
CHEMBL322712,44340931,608.6,C29H28N4O11
CHEMBL323336,10457505,472.3,C21H22BrN5O3
CHEMBL323394,44340908,608.6,C29H28N4O11
CHEMBL323601,44340904,608.6,C29H28N4O11
CHEMBL324153,5329453,401.5,C23H23N5O2
CHEMBL324765,44340907,608.6,C29H28N4O11
CHEMBL325005,44340782,592.6,C29H28N4O10
CHEMBL325023,5288018,437.5,C21H23N7O2S
CHEMBL325839,44340969,592.6,C29H28N4O10
CHEMBL326282,613127,392.7,C19H12Cl3NO2
CHEMBL327291,44328637,312.37,C17H20N4O2
CHEMBL327300,9927943,341.4,C19H19NO5
CHEMBL329274,10871128,327.3,C20H13N3O2
CHEMBL329958,44328911,733.8,C42H35N7O6
CHEMBL332575,9797847,336.3,C22H12N2O2
CHEMBL334064,44340932,640.6,C29H28N4O13
CHEMBL334337,13009352,562.5,C28H26N4O9
CHEMBL334360,44355564,548.5,C27H24N4O9
CHEMBL334461,13009355,592.6,C29H28N4O10
CHEMBL335012,44352860,571.6,C34H29N5O4
CHEMBL335020,10483429,584.6,C35H28N4O5
CHEMBL335648,44353115,495.6,C30H31N4O3+
CHEMBL335718,44352929,566.7,C34H38N4O4
CHEMBL335931,44352816,623.7,C35H37N5O6
CHEMBL335932,44352817,562.5,C30H25F3N4O4
CHEMBL336192,44352843,628.7,C37H32N4O6
CHEMBL336961,6538897,328.16,C15H10BrN3O
CHEMBL337026,9869773,480.5,C28H24N4O4
CHEMBL337027,44352826,566.6,C32H30N4O6
CHEMBL337035,44352905,539.6,C30H29N5O3S
CHEMBL337297,44352915,572.6,C33H28N6O4
CHEMBL337642,10143231,531.6,C28H29N5O6
CHEMBL338449,44352873,566.6,C33H34N4O5
CHEMBL338935,44352973,523.6,C30H29N5O4
CHEMBL338944,44352890,605.1,C35H29ClN4O4
CHEMBL338956,44352846,586.6,C35H30N4O5
CHEMBL338967,13009346,578.5,C28H26N4O10
CHEMBL339364,44352861,576.7,C35H36N4O4
CHEMBL340259,9935079,485.5,C28H27N3O5
CHEMBL340384,10363069,391.8,C21H14ClN3O3
CHEMBL340611,44353130,509.6,C31H33N4O3+
CHEMBL340776,10141037,487.5,C26H25N5O5
CHEMBL340921,19959069,371.4,C22H17N3O3
CHEMBL340935,10206423,486.5,C27H26N4O5
CHEMBL342767,44364200,420.5,C26H20N4O2
CHEMBL344314,3544,251.31,C11H13N3O2S
CHEMBL345384,44370465,660.9,C30H24Cl3N3O8
CHEMBL345881,44370226,691.3,C29H22BrCl2N3O8
CHEMBL347195,44370224,622.4,C29H24BrN3O8
CHEMBL347466,44370225,612.4,C29H23Cl2N3O8
CHEMBL347537,44368815,430.5,C28H22N4O
CHEMBL347684,44370463,622.4,C29H24BrN3O8
CHEMBL348586,44376042,503.6,C26H25N5O2S2
CHEMBL348943,15289412,480.6,C28H24N4O2S
CHEMBL349382,44375684,469.6,C26H23N5O2S
CHEMBL350059,15289413,454.5,C26H22N4O2S
CHEMBL350084,14802482,294.33,C13H14N2O4S
CHEMBL350143,44376043,502.6,C26H22N4O3S2
CHEMBL350375,44375788,468.5,C25H20N6O2S
CHEMBL351282,14802485,337.4,C15H19N3O4S
CHEMBL351291,14802486,351.4,C15H17N3O5S
CHEMBL351295,44375703,429.5,C25H23N3O2S
CHEMBL351380,14802483,363.4,C17H21N3O4S
CHEMBL351859,44375601,514.7,C30H34N4O2S
CHEMBL352085,14802487,365.4,C16H19N3O5S
CHEMBL353795,44375974,564.7,C31H24N4O3S2
CHEMBL354246,44375763,493.5,C26H19N7O2S
CHEMBL354676,7595,212.25,C13H12N2O
CHEMBL357490,9796713,310.3,C21H14N2O
CHEMBL357602,44364050,392.4,C24H16N4O2
CHEMBL357892,44364084,498.5,C31H22N4O3
CHEMBL358130,44364044,494.5,C29H26N4O4
CHEMBL358314,44364045,584.7,C36H32N4O4
CHEMBL360847,9892366,468.5,C28H28N4O3
CHEMBL361708,135413546,324.13,C11H10BrN5O2
CHEMBL362558,10029385,512.5,C28H25FN6O3
CHEMBL362588,11294864,494.5,C28H26N6O3
CHEMBL362814,11316975,454.5,C25H22N6O3
CHEMBL363058,11328863,469.5,C26H23N5O4
CHEMBL363130,5330804,378.4,C14H14N6O3S2
CHEMBL363607,44398371,407.4,C17H15F2N5O3S
CHEMBL363648,9952773,399.5,C24H21N3OS
CHEMBL36432,44285442,806.9,C44H54O14
CHEMBL364623,11153014,373.9,C17H16ClN5OS
CHEMBL365318,10478569,443.4,C20H19F2N7O3
CHEMBL365598,44403669,518.5,C28H26N2O8
CHEMBL365847,5330279,446.5,C25H30N6O2
CHEMBL36985,124020,800.6,C35H28O22
CHEMBL370100,73110,570.4,C27H21Cl2N3O7
CHEMBL370266,11477626,504.5,C23H26F2N6O5
CHEMBL370283,135402910,375.7,C13H9Cl3N4OS
CHEMBL371095,44405504,466.5,C27H26N6O2
CHEMBL371169,5330391,405.9,C21H20ClN7
CHEMBL371206,6540003,403.5,C22H21N5OS
CHEMBL371239,44406018,326.4,C17H18N4OS
CHEMBL371658,11496376,464.6,C28H28N6O
CHEMBL372657,5330392,406.9,C20H19ClN8
CHEMBL373101,5330420,539.5,C26H24Cl2N6OS
CHEMBL373598,11293798,447.9,C20H22ClN5O5
CHEMBL373751,11626927,469.5,C22H19N3O5S2
CHEMBL373798,11428396,361.4,C20H16FN5O
CHEMBL373882,16109001,598.6,C29H30F4N8O2
CHEMBL374044,16125233,375.4,C21H18FN5O
CHEMBL374581,16105503,324.4,C22H16N2O
CHEMBL375284,16125042,342.4,C21H18N4O
CHEMBL376967,44410954,475.0,C23H28ClFN6O2
CHEMBL377383,16007116,383.9,C16H18ClN3O4S
CHEMBL377408,11846125,375.4,C16H17N5O4S
CHEMBL377734,11632737,401.4,C19H17F2N5OS
CHEMBL377772,44410959,443.9,C22H23ClFN5O2
CHEMBL378370,44410948,429.9,C21H21ClFN5O2
CHEMBL378627,11640926,448.5,C20H24N4O6S
CHEMBL378963,10216627,428.9,C25H21ClN4O
CHEMBL379601,11682843,403.8,C19H19ClFN5O2
CHEMBL379835,23647236,325.7,C17H12ClN3O2
CHEMBL379849,9885748,311.3,C19H15F2NO
CHEMBL379905,11719305,447.9,C21H23ClFN5O3
CHEMBL379929,9948405,304.3,C18H16N4O
CHEMBL379975,10384072,362.8,C20H11ClN2O3
CHEMBL380006,44410723,445.9,C22H25ClFN5O2
CHEMBL380386,11516978,403.8,C19H19ClFN5O2
CHEMBL380454,44411048,429.9,C21H21ClFN5O2
CHEMBL380889,44411161,460.9,C22H26ClFN6O2
CHEMBL381207,6540005,461.4,C21H15F4N5OS
CHEMBL382408,65238,940.7,C41H32O26
CHEMBL382822,44410955,457.9,C23H25ClFN5O2
CHEMBL382823,44410956,461.9,C22H25ClFN5O3
CHEMBL383172,11235063,403.4,C21H21N7O2
CHEMBL383246,44411183,515.0,C26H32ClFN6O2
CHEMBL383264,6914611,394.5,C25H22N4O
CHEMBL383760,44410953,443.9,C22H23ClFN5O2
CHEMBL38380,3547,291.37,C14H17N3O2S
CHEMBL385478,44415977,293.4,C17H19N5
CHEMBL386276,44460488,1323.1,C66H50O30
CHEMBL386636,16105510,338.4,C22H14N2O2
CHEMBL386637,16109036,526.5,C27H26F4N6O
CHEMBL386661,16086104,549.6,C30H30F3N5O2
CHEMBL386760,11843159,686.8,C37H46N6O7
CHEMBL387385,135449326,459.3,C22H17Cl2FN4O2
CHEMBL387971,16220223,476.6,C26H28N4O3S
CHEMBL389745,44427519,577.7,C34H35N5O4
CHEMBL390156,16220354,480.6,C29H28N4OS
CHEMBL392642,44440493,416.5,C20H28N6O2S
CHEMBL393929,135400873,351.4,C18H13N3OS2
CHEMBL39413,475266,478.4,C21H18O13
CHEMBL394619,18451374,374.5,C21H18N4OS
CHEMBL394790,18450541,394.9,C20H15ClN4OS
CHEMBL39504,124016,882.7,C44H34O20
CHEMBL395080,44427518,549.6,C32H31N5O4
CHEMBL39530,475264,496.4,C21H20O14
CHEMBL395427,44440261,497.6,C28H23N3O4S
CHEMBL395573,17759787,454.3,C22H14Cl2FN5O
CHEMBL396523,23647265,346.3,C18H14N6O2
CHEMBL39744,475263,344.27,C14H16O10
CHEMBL398606,135431661,414.5,C25H26N4O2
CHEMBL398951,24180596,415.5,C24H25N5O2
CHEMBL402846,11710853,390.4,C21H19FN6O
CHEMBL403402,11690518,430.4,C20H14F4N6O
CHEMBL404366,11710909,392.8,C20H17ClN6O
CHEMBL404367,11588815,372.4,C21H20N6O
CHEMBL406375,3385203,234.25,C15H10N2O
CHEMBL406635,44460933,1068.7,C48H28O29
CHEMBL406845,4878,301.77,C15H16ClN5
CHEMBL407100,44378580,1205.4,C48H80N22O13S
CHEMBL407391,3134,163.18,C7H9N5
CHEMBL407558,44460932,1234.8,C55H30O34
CHEMBL407914,16132415,1176.9,C55H36O30
CHEMBL408982,1893668,249.33,C13H15NO2S
CHEMBL408995,14824655,276.24,C14H12O6
CHEMBL409349,11749082,372.4,C22H20N4O2
CHEMBL410295,11785878,530.6,C31H30N8O
CHEMBL410643,11526786,546.7,C29H42N2O8
CHEMBL410659,11583459,460.6,C29H28N6
CHEMBL410778,44378515,1089.3,C45H76N20O10S
CHEMBL411351,44460243,1153.0,C60H48O24
CHEMBL411401,44285671,1206.9,C56H38O31
CHEMBL411903,15941392,459.4,C21H17F4N7O
CHEMBL412142,9956119,465.3,C22H18Cl2N8
CHEMBL413779,11430448,433.8,C19H20ClN5O5
CHEMBL415049,11497983,587.5,C26H31FN7O6P
CHEMBL415233,10484487,660.8,C42H36N4O4
CHEMBL415414,44378557,1375.6,C54H94N28O13S
CHEMBL416056,490561,467.5,C27H21N3O5
CHEMBL416110,14654667,422.5,C22H48BrNO
CHEMBL41783,6539560,360.4,C17H18F2N6O
CHEMBL418479,489125,367.4,C23H17N3O2
CHEMBL421565,2404,424.5,C26H24N4O2
CHEMBL421947,44364157,406.4,C25H18N4O2
CHEMBL422897,5466794,401.8,C21H20ClNO5
CHEMBL423731,196804,453.5,C27H23N3O4
CHEMBL424168,14802484,391.5,C19H25N3O4S
CHEMBL424872,11846124,374.4,C17H18N4O4S
CHEMBL425601,11562171,487.0,C24H28ClFN6O2
CHEMBL425834,17758020,557.8,C24H23BrClFN8
CHEMBL428973,44378539,1047.2,C42H70N20O10S
CHEMBL429225,44364260,544.6,C32H24N4O5
CHEMBL429743,24757938,484.9,C28H21ClN2O4
CHEMBL430440,44460281,768.5,C34H24O21
CHEMBL431176,489127,407.3,C22H12F3N3O2
CHEMBL431432,44328750,493.6,C30H31N5O2
CHEMBL432622,44340622,592.6,C29H28N4O10
CHEMBL433841,44340903,608.6,C29H28N4O11
CHEMBL434037,44352790,580.6,C33H32N4O6
CHEMBL434415,44353112,542.6,C34H30N4O3
CHEMBL435809,44352842,614.6,C36H30N4O6
CHEMBL435868,44375765,444.5,C24H20N4O3S
CHEMBL436137,11719421,453.6,C28H31N5O
CHEMBL436718,14802492,1347.6,C53H94N28O12S
CHEMBL436817,17759555,427.3,C20H13Cl2FN6
CHEMBL437640,44378582,1247.4,C51H86N22O13S
CHEMBL437747,447873,513.5,C27H34Cl2N6
CHEMBL437885,44410844,386.8,C20H20ClFN4O
CHEMBL438485,135589980,465.5,C29H27N3O3
CHEMBL44,5280961,270.24,C15H10O5
CHEMBL44137,468759,515.5,C28H25N3O7
CHEMBL443962,18732328,304.14,C13H10BrN3O
CHEMBL444337,44352771,538.6,C31H30N4O5
CHEMBL444864,49796827,535.5,C26H23BrN4O2S
CHEMBL445162,25011729,418.9,C18H15ClN4O4S
CHEMBL44541,10017019,289.13,C12H9BrN4
CHEMBL44545,10380356,305.13,C12H9BrN4O
CHEMBL447602,24769780,612.6,C33H33FN6O5
CHEMBL447974,440308,636.5,C27H24O18
CHEMBL449392,73568,634.5,C27H22O18
CHEMBL451401,44586040,161.16,C8H7N3O
CHEMBL451964,2727417,319.28,C15H12F3N5
CHEMBL453336,24894993,484.5,C29H28N2O5
CHEMBL453737,11858109,629.7,C34H33F2N5O5
CHEMBL454440,10423452,274.22,C14H10O6
CHEMBL456294,9547398,414.6,C27H42O3
CHEMBL456936,5283685,398.6,C27H42O2
CHEMBL45827,5328135,532.5,C26H35Cl2N7O
CHEMBL458997,9934347,468.9,C23H25ClN6O3
CHEMBL459729,135441202,512.0,C26H31ClFN7O
CHEMBL460472,24764449,539.6,C30H29N5O5
CHEMBL460702,24794418,512.9,C25H19ClF2N4O4
CHEMBL460746,3142817,450.5,C21H14N4O4S2
CHEMBL460989,23378546,398.5,C25H22N2O3
CHEMBL460990,9823787,426.5,C27H26N2O3
CHEMBL461139,135524168,413.5,C24H23N5O2
CHEMBL461140,135524085,401.5,C23H23N5O2
CHEMBL461876,25211575,518.5,C26H27FN8O3
CHEMBL462120,3810484,270.71,C15H11ClN2O
CHEMBL463054,159926,284.26,C16H12O5
CHEMBL464351,10047545,416.6,C27H44O3
CHEMBL46440,401171,289.13,C12H9BrN4
CHEMBL465465,44570553,590.4,C22H18F3IN2O4S
CHEMBL466154,5281657,258.23,C14H10O5
CHEMBL468125,44575073,387.4,C23H18FN3O2
CHEMBL468280,25190453,282.65,C12H8ClFN2O3
CHEMBL47243,24203043,501.5,C27H23N3O7
CHEMBL474432,25263111,478.4,C22H17F3N2O5S
CHEMBL475817,11626920,469.2,C20H13Cl2F3N4O2
CHEMBL476124,2779952,307.21,C9H4F3N3O4S
CHEMBL477817,24766030,427.5,C24H21N5OS
CHEMBL478629,11524144,399.5,C24H25N5O
CHEMBL478649,24856363,348.4,C22H24N2O2
CHEMBL47940,6603792,370.4,C23H22N4O
CHEMBL479835,44570884,467.6,C27H25N5OS
CHEMBL480283,124021,332.26,C13H16O10
CHEMBL481248,44575127,375.4,C21H17N3O2S
CHEMBL481491,10409707,417.4,C20H14F3N3O2S
CHEMBL481968,44570599,559.2,C20H13F3IN3O5
CHEMBL481969,44570600,651.8,C22H14ClF3IN3O5S
CHEMBL482538,22477600,194.23,C13H10N2
CHEMBL482767,24995524,430.9,C18H15ClN6OS2
CHEMBL482967,6420138,368.5,C18H20N6OS
CHEMBL483158,24771867,518.9,C27H20ClFN4O4
CHEMBL483525,24899915,338.29,C14H10O8S
CHEMBL483526,5360741,272.25,C15H12O5
CHEMBL483531,6918469,290.27,C15H14O6
CHEMBL483532,24900160,276.24,C14H12O6
CHEMBL484390,44588915,457.6,C27H31N5O2
CHEMBL484967,42618143,333.4,C21H23N3O
CHEMBL484968,42618144,304.4,C20H20N2O
CHEMBL485053,10037501,245.23,C12H11N3O3
CHEMBL485285,9983303,496.6,C30H32N4O3
CHEMBL485286,44580077,481.6,C29H31N5O2
CHEMBL485556,44593713,472.5,C26H28N6O3
CHEMBL485745,9857146,289.3,C18H12FN3
CHEMBL488646,24894992,450.5,C26H30N2O5
CHEMBL488811,24894997,470.5,C28H26N2O5
CHEMBL488840,25065806,417.4,C23H24N5OP
CHEMBL489058,25211064,558.1,C30H32ClN7S
CHEMBL489083,25178539,441.5,C24H19N5O2S
CHEMBL490555,44565015,343.4,C19H13N5S
CHEMBL49120,5311382,512.4,C26H27Cl2N5O2
CHEMBL491592,16211077,484.4,C20H20O14
CHEMBL491686,44565013,399.5,C21H17N7S
CHEMBL491758,667926,280.30,C16H13FN4
CHEMBL492251,24770517,370.4,C22H18N4O2
CHEMBL493169,44219632,362.4,C17H17F3N6
CHEMBL493937,24811794,338.4,C19H22N4O2
CHEMBL494221,44219633,377.4,C18H18F3N5O
CHEMBL495727,135398495,381.4,C19H23N7O2
CHEMBL495729,10479082,453.5,C27H27N5O2
CHEMBL497151,136027078,437.2,C15H8IN3O3S
CHEMBL497563,9864418,375.5,C23H25N3O2
CHEMBL50,5280343,302.23,C15H10O7
CHEMBL500292,13888120,788.6,C34H28O22
CHEMBL504075,25218459,366.8,C20H19ClN4O
CHEMBL504547,135863110,486.3,C21H15IN2O4
CHEMBL504950,695484,230.29,C11H10N4S
CHEMBL505637,15282555,942.2,C34H30Br4N4O8
CHEMBL505896,11650194,610.7,C35H35FN4O5
CHEMBL507058,24899917,288.25,C15H12O6
CHEMBL507249,44591740,327.4,C18H25N5O
CHEMBL507308,5320800,938.7,C41H30O26
CHEMBL50749,451660,508.6,C26H54BrNO3
CHEMBL507936,44560751,369.4,C22H19N5O
CHEMBL508928,24894620,438.5,C24H22N8O
CHEMBL50894,5005498,293.28,C16H11N3O3
CHEMBL509435,24894883,378.4,C22H22N2O4
CHEMBL511410,25207521,338.32,C17H14N4O4
CHEMBL512054,89644,336.29,C16H16O8
CHEMBL513846,3128424,322.4,C17H14N4OS
CHEMBL514409,135421442,516.7,C29H32N4O3S
CHEMBL514499,9826308,477.5,C22H18F3N3O4S
CHEMBL51563,14654669,442.5,C24H44BrNO
CHEMBL515982,10024683,412.6,C28H44O2
CHEMBL516640,42629114,439.5,C24H17N5O2S
CHEMBL517647,44570554,536.2,C18H16F3IN4O4
CHEMBL517956,5283727,400.6,C27H44O2
CHEMBL518060,9547698,396.6,C27H40O2
CHEMBL519113,44575126,359.4,C21H17N3O3
CHEMBL519395,24900161,278.26,C14H14O6
CHEMBL519693,42618140,383.5,C20H21N3O3S
CHEMBL519697,44588881,415.5,C24H25N5O2
CHEMBL519982,5359485,258.23,C14H10O5
CHEMBL520144,24899916,288.25,C15H12O6
CHEMBL521470,104860,352.3,C20H16O6
CHEMBL522251,440221,484.4,C20H20O14
CHEMBL522579,10089048,347.4,C21H21N3O2
CHEMBL522785,44565014,509.6,C27H23N7O2S
CHEMBL523559,44580420,468.5,C28H28N4O3
CHEMBL523586,44592504,473.4,C21H18BrFN4OS
CHEMBL523823,25032704,280.66,C12H9ClN2O4
CHEMBL52387,5097,354.4,C19H26N6O
CHEMBL524266,16757525,275.28,C13H14FN5O
CHEMBL525240,442674,954.7,C41H30O27
CHEMBL526133,16661285,288.30,C17H12N4O
CHEMBL52654,11729563,424.5,C26H24N4O2
CHEMBL52850,14654660,538.7,C28H60BrNO3
CHEMBL529663,24894117,364.4,C21H20N2O4
CHEMBL533849,23133323,511.8,C22H25BrClFN4O2
CHEMBL535331,2850534,275.31,C16H13N5
CHEMBL53596,9889351,438.5,C27H26N4O2
CHEMBL53606,14654656,552.7,C29H62BrNO3
CHEMBL536151,5081913,383.67,C15H8ClF6NO2
CHEMBL53826,14654654,524.7,C27H58BrNO3
CHEMBL538718,44274749,450.5,C28H26N4O2
CHEMBL539474,45273796,281.31,C16H15N3O2
CHEMBL540848,73332,364.3,C14H19Cl2N3O2S
CHEMBL54382,22911602,452.5,C28H28N4O2
CHEMBL546797,910649,277.28,C15H11N5O
CHEMBL550418,45270357,348.4,C20H16N2O4
CHEMBL55382,10074667,499.5,C28H25N3O6
CHEMBL553824,10386217,399.5,C19H21N5O3S
CHEMBL55394,9826373,478.6,C30H30N4O2
CHEMBL554993,42639664,618.5,C32H26O13
CHEMBL556684,177458,300.26,C16H12O6
CHEMBL55788,11453012,424.5,C26H24N4O2
CHEMBL560813,45269554,333.30,C17H11N5O3
CHEMBL561708,44219749,495.5,C24H29N7O5
CHEMBL56236,5328125,392.5,C22H28N6O
CHEMBL562488,135444905,225.04,C8H5BrN2O
CHEMBL564829,16718576,460.6,C25H32N8O
CHEMBL565061,24969301,454.4,C23H17F3N4O3
CHEMBL565612,10296883,438.5,C25H22N6O2
CHEMBL568922,11723489,319.4,C15H21N5OS
CHEMBL56983,5328137,552.5,C28H31Cl2N7O
CHEMBL569880,24883334,531.9,C25H24ClF2N5O4
CHEMBL571040,24883287,513.9,C25H25ClFN5O4
CHEMBL57347,5328149,545.5,C26H34Cl2N8O
CHEMBL57366,5328112,405.3,C18H18Cl2N6O
CHEMBL574588,45482700,336.4,C20H16O3S
CHEMBL574613,45482750,350.4,C21H18O3S
CHEMBL574646,16079040,277.32,C17H15N3O
CHEMBL574737,3078519,482.5,C28H26N4O4
CHEMBL57553,9943194,263.30,C15H13N5
CHEMBL576113,44466196,258.36,C16H22N2O
CHEMBL576887,23401001,334.4,C16H22N4O2S
CHEMBL576989,23400934,334.4,C16H22N4O2S
CHEMBL578061,948954,262.31,C16H14N4
CHEMBL578601,10246246,333.5,C16H23N5OS
CHEMBL583042,11634725,500.3,C24H20Cl2FN5O2
CHEMBL583144,135566504,271.12,C10H4Cl2N2OS
CHEMBL583187,135927974,393.5,C21H19N3O3S
CHEMBL590109,46224684,425.5,C23H19N7S
CHEMBL592030,46224697,439.5,C24H21N7S
CHEMBL597592,46228508,482.5,C27H26N6O3
CHEMBL597754,46233287,530.6,C24H34N8O4S
CHEMBL598626,46228822,467.5,C27H25N5O3
CHEMBL599224,45139989,369.4,C18H23N7O2
CHEMBL599428,45139991,431.5,C23H25N7O2
CHEMBL600795,46232443,336.2,C17H12Cl2FNO
CHEMBL602123,46228951,483.3,C21H11F6N3O4
CHEMBL602471,46232555,405.2,C20H15Cl2FN2O2
CHEMBL602472,46232556,419.3,C21H17Cl2FN2O2
CHEMBL60254,5287736,550.5,C28H26N2O10
CHEMBL604087,25057409,445.5,C26H27N3O4
CHEMBL604712,10429593,376.4,C19H22F2N4O2
CHEMBL606245,44160269,400.5,C24H28N6
CHEMBL606964,11396738,449.5,C24H24FN5O3
CHEMBL611124,46877399,1066.7,C46H34O30
CHEMBL61867,3570,353.4,C22H15N3O2
CHEMBL6246,5281855,302.19,C14H6O8
CHEMBL6291,5083,457.5,C25H23N5O2S
CHEMBL66031,2428,340.18,C15H10BrN5
CHEMBL68423,3139,266.29,C16H14N2O2
CHEMBL685,4030,295.29,C16H13N3O3
CHEMBL69129,22736235,386.4,C23H22N4O2
CHEMBL7064,8515,220.23,C14H8N2O
CHEMBL7352,10318148,389.4,C22H19N3O4
CHEMBL7463,2396,412.5,C25H24N4O2
CHEMBL75232,151193,464.9,C24H21ClN4O4
CHEMBL75680,448912,267.33,C16H17N3O
CHEMBL75773,3545,277.34,C13H15N3O2S
CHEMBL76904,2052,186.17,C10H6N2O2
CHEMBL7775,10066030,343.4,C21H17N3O2
CHEMBL78464,11075446,237.08,C11H6Cl2N2
CHEMBL78573,44460390,442.4,C22H18O10
CHEMBL78618,14929458,236.19,C12H7F3N2
CHEMBL78862,21362674,321.8,C18H12ClN3O
CHEMBL78885,21362748,351.8,C19H14ClN3O2
CHEMBL78917,21362689,322.7,C17H11ClN4O
CHEMBL79004,9949093,322.7,C17H11ClN4O
CHEMBL7914,10360970,357.4,C22H19N3O2
CHEMBL79244,44460560,936.6,C41H28O26
CHEMBL7929,10345125,481.5,C32H23N3O2
CHEMBL7939,6711154,365.3,C20H13F2N3O2
CHEMBL8000,10046873,405.4,C26H19N3O2
CHEMBL80024,44460577,766.5,C34H22O21
CHEMBL80121,21362732,259.69,C13H10ClN3O
CHEMBL8036,10246831,343.4,C21H17N3O2
CHEMBL80619,607775,198.22,C12H10N2O
CHEMBL80793,44317844,307.8,C18H14ClN3
CHEMBL80843,10448840,322.7,C17H11ClN4O
CHEMBL8091,10476762,412.4,C22H18F2N2O4
CHEMBL80941,12309509,290.27,C15H14O6
CHEMBL8095,10043994,359.4,C21H17N3O3
CHEMBL81169,162883,247.09,C11H7BrN2
CHEMBL81170,13441298,186.18,C11H7FN2
CHEMBL81214,21362669,193.20,C12H7N3
CHEMBL81229,21362727,281.13,C13H10Cl2N2O
CHEMBL81315,44317866,274.70,C13H11ClN4O
CHEMBL81478,44460244,864.8,C45H36O18
CHEMBL81603,21362696,307.2,C15H12Cl2N2O
CHEMBL8163,10325906,581.1,C20H13I2N3O2
CHEMBL81646,44460468,576.5,C30H24O12
CHEMBL81753,44318001,578.5,C30H26O12
CHEMBL81809,21362699,366.2,C16H13Cl2N3O3
CHEMBL81838,11164332,247.64,C11H6ClN3O2
CHEMBL82136,21362687,336.8,C18H13ClN4O
CHEMBL82137,44317726,303.74,C15H14ClN3O2
CHEMBL8222,10407176,376.4,C22H20N2O4
CHEMBL8223,10434923,471.6,C28H33N5O2
CHEMBL8271,10248155,363.5,C20H13NO2S2
CHEMBL82762,44460282,618.5,C27H22O17
CHEMBL83790,44460583,482.5,C28H26N4O4
CHEMBL84333,452239,478.4,C21H18O13
CHEMBL86664,10354294,240.69,C14H9ClN2
CHEMBL86771,31420,238.24,C14H10N2O2
CHEMBL87084,135469328,238.24,C14H10N2O2
CHEMBL93559,44328782,459.5,C26H29N5O3
CHEMBL95539,44328786,519.5,C30H25N5O4
CHEMBL95692,9863367,353.4,C19H20FN5O
CHEMBL95737,44328611,341.4,C18H23N5O2
CHEMBL95812,44328576,441.5,C22H27N5O5
CHEMBL95825,44329010,493.6,C30H31N5O2
CHEMBL97026,44328730,270.29,C14H14N4O2
CHEMBL97117,44328912,626.7,C36H30N6O5
CHEMBL97448,44328766,355.4,C19H25N5O2
CHEMBL97768,44328612,340.4,C19H24N4O2
CHEMBL97796,44328745,313.35,C16H19N5O2
CHEMBL97822,44329007,466.5,C28H26N4O3
CHEMBL98350,3973,307.3,C19H17NO3
CHEMBL98721,44328574,468.6,C23H32N8O3
CHEMBL99572,44328718,511.6,C25H37N9O3
CHEMBL99743,9911005,438.4,C21H22N6O5
CHEMBL269557,14105920,969.0,C50H64O19
CHEMBL384283,44460330,1108.8,C48H36O31
CHEMBL396377,153273973,255.30,C13H9N3OS
CHEMBL409397,44460483,3740.5,C164H106O104
CHEMBL413375,16197548,1877.3,C82H60O52